host_elapsed_s,seq,timestamp_us,ax_mg,ay_mg,az_mg,gx_dps,gy_dps,gz_dps,temp_c
0.000000,0,2906184,-187.0100,-595.7000,-790.0400,-40.1800,8.6600,0.6100,34.9300
0.015000,1,2910796,-187.5000,-596.6800,-802.2500,-9.3900,2.5000,0.1200,35.0300
0.015000,2,2915155,-187.9900,-593.2600,-809.0800,-10.6700,3.1700,0.9100,34.7400
0.015000,3,2919520,-182.1300,-593.2600,-800.2900,-10.2400,3.3500,1.4600,34.8800
0.031000,4,2923875,-184.5700,-586.4300,-807.1300,-9.9400,3.1100,1.7100,34.6900
0.031000,5,2928229,-187.0100,-588.8700,-803.2200,-8.9000,3.1100,1.5900,34.8800
0.031000,6,2932576,-189.9400,-594.7300,-797.3600,-7.5600,3.0500,0.7900,34.8800
0.031000,7,2936934,-190.9200,-593.2600,-796.8700,-6.1000,2.2600,-0.5500,35.0700
0.047000,8,2941292,-187.0100,-593.7500,-800.2900,-4.5700,1.9500,-1.5900,34.9300
0.047000,9,2945656,-185.5500,-598.1400,-799.8000,-3.6600,1.5900,-2.2600,34.8800
0.047000,10,2950007,-187.0100,-599.6100,-795.9000,-2.7400,1.2800,-2.6800,34.4000
0.062000,11,2954363,-194.3400,-592.2900,-799.8000,-1.7100,1.2200,-2.9300,34.8800
0.062000,12,2958710,-194.3400,-594.7300,-793.4600,-1.2200,1.1600,-2.8700,34.9300
0.062000,13,2963069,-193.3600,-590.3300,-791.5000,-1.3400,0.6700,-2.7400,34.5000
0.062000,14,2967423,-194.8200,-586.9100,-794.4300,-2.4400,0.3000,-3.3500,34.6900
0.078000,15,2971790,-197.2700,-591.8000,-793.9500,-3.1100,0.1800,-3.6000,34.9300
0.078000,16,2976143,-189.4500,-594.2400,-789.5500,-4.5700,0.1800,-3.5400,34.9300
0.078000,17,2980512,-188.9600,-592.7700,-791.5000,-6.2200,0.0000,-3.4100,34.9300
0.078000,18,2984884,-190.4300,-593.7500,-792.9700,-8.3500,0.3000,-2.2000,34.9300
0.094000,19,2989252,-190.4300,-590.3300,-794.4300,-10.3000,0.4900,-0.5500,34.9300
0.094000,20,2993745,-191.8900,-588.3800,-797.3600,-12.3200,1.1600,1.1000,34.8800
0.094000,21,2998120,-193.8500,-590.3300,-801.2700,-13.9000,1.4000,2.3800,35.0300
0.109000,22,3002476,-193.8500,-594.7300,-808.1100,-14.9400,2.2600,2.2600,34.9300
0.109000,23,3006837,-196.2900,-596.1900,-815.9200,-14.8200,2.8000,2.0700,34.6900
0.109000,24,3011185,-195.3100,-594.2400,-815.9200,-14.5100,3.2900,2.0100,34.4000
0.109000,25,3015549,-195.3100,-594.2400,-815.9200,-13.3500,3.7800,1.4000,34.9300
0.125000,26,3019905,-190.9200,-593.2600,-818.3600,-11.5900,4.0900,-0.0600,34.9300
0.125000,27,3024408,-191.4100,-585.4500,-813.9600,-9.5700,4.0900,-1.3400,34.9300
0.125000,28,3028776,-191.4100,-585.4500,-813.9600,-7.9300,4.3900,-2.0100,34.9300
0.140000,29,3033141,-187.0100,-580.0800,-811.0400,-6.3400,4.1500,-2.9900,34.9300
0.140000,30,3037497,-183.5900,-579.5900,-803.7100,-5.1200,3.7200,-4.0200,34.9300
0.140000,31,3041850,-182.1300,-579.1000,-804.2000,-4.7000,3.2300,-4.7000,34.9300
0.140000,32,3046200,-180.6600,-582.5200,-806.6400,-4.1500,2.6200,-4.8200,35.0700
0.156000,33,3050548,-182.1300,-581.5400,-808.5900,-3.9000,2.5000,-4.4500,35.0700
0.156000,34,3054909,-176.7600,-579.5900,-808.1100,-4.2700,1.7100,-4.0900,34.9300
0.156000,35,3059256,-181.1500,-576.6600,-809.5700,-4.4500,1.5900,-3.7200,35.0700
0.156000,36,3063614,-185.0600,-575.2000,-809.0800,-5.3700,0.9800,-3.6600,34.7400
0.172000,37,3067973,-184.0800,-575.6800,-808.1100,-6.4000,0.7900,-3.7200,34.6900
0.172000,38,3072335,-183.5900,-575.6800,-811.0400,-7.5600,0.6100,-3.4100,34.6900
0.172000,39,3076693,-184.5700,-568.8500,-809.0800,-8.8400,0.5500,-2.6800,34.7400
0.187000,40,3081060,-184.5700,-563.9600,-807.6200,-10.4300,0.7300,-2.3200,34.7400
0.187000,41,3085561,-187.5000,-558.5900,-810.5500,-12.2000,0.6700,-1.4600,34.9300
0.187000,42,3090074,-187.0100,-561.0400,-815.4300,-13.2900,0.8500,-0.8500,34.9300
0.203000,43,3094573,-187.9900,-559.0800,-817.8700,-14.1500,1.5900,0.0000,34.6400
0.203000,44,3098942,-193.8500,-554.2000,-816.4100,-14.6300,1.8300,0.5500,34.8300
0.203000,45,3103321,-196.7800,-543.4600,-821.7800,-14.7600,2.0700,1.2200,34.7400
0.203000,46,3107684,-199.7100,-542.4800,-823.7300,-14.8800,2.1300,1.5900,34.8800
0.219000,47,3112047,-194.8200,-538.0900,-826.6600,-14.7600,2.1300,1.7700,34.7400
0.219000,48,3116403,-200.6800,-543.9500,-832.0300,-13.5400,2.0100,2.0700,34.5000
0.219000,49,3120761,-197.7500,-538.0900,-838.3800,-11.7700,2.2600,2.3200,34.8800
0.219000,50,3125119,-197.2700,-540.5300,-840.8200,-10.2400,2.2000,1.8300,34.8800
0.234000,51,3129474,-202.1500,-536.6200,-845.7000,-8.6000,1.7700,1.3400,34.7400
0.234000,52,3133832,-210.4500,-542.4800,-854.0000,-6.5900,1.7100,0.7300,34.9300
0.234000,53,3138177,-215.3300,-555.6600,-859.3700,-4.5100,1.0400,-0.7900,34.9300
0.250000,54,3142547,-209.4700,-550.7800,-857.9100,-2.8700,1.4600,-1.5200,34.8300
0.250000,55,3146907,-206.5400,-546.3900,-854.0000,-0.8500,2.3800,-2.7400,34.7400
0.250000,56,3151269,-196.7800,-544.4300,-841.3100,-0.8500,3.2300,-4.9400,35.1700
0.250000,57,3155623,-183.5900,-550.2900,-840.8200,-2.2000,3.0500,-5.5500,34.8800
0.265000,58,3159990,-178.7100,-551.7600,-841.8000,-3.1100,2.1300,-4.5700,34.6900
0.265000,59,3164338,-179.6900,-553.7100,-838.3800,-3.6600,0.3700,-2.4400,34.6400
0.265000,60,3168696,-175.7800,-552.7300,-823.7300,-4.7000,-0.6700,-0.1800,34.6400
0.281000,61,3173191,-174.8000,-558.5900,-819.3400,-6.7700,-0.7900,0.0600,34.9300
0.281000,62,3177565,-174.8000,-557.6200,-816.8900,-8.6000,-0.1200,-0.0600,34.7400
0.281000,63,3182065,-168.4600,-556.1500,-826.6600,-9.5700,0.4300,0.5500,34.9300
0.281000,64,3186431,-177.7300,-558.1100,-832.5200,-9.3300,0.3700,2.1300,34.7400
0.297000,65,3190789,-183.1100,-560.5500,-829.5900,-8.4100,-0.1800,3.2900,34.7400
0.297000,66,3195155,-185.0600,-563.9600,-845.2100,-7.0100,-0.0600,2.0100,34.8800
0.297000,67,3199515,-189.4500,-570.3100,-846.1900,-4.9400,0.4300,-0.1200,34.8800
0.312000,68,3203890,-199.2200,-570.3100,-839.8400,-2.7400,0.6100,-2.5000,34.7400
0.312000,69,3208246,-199.7100,-567.3800,-831.5400,-0.1200,-0.5500,-3.4100,35.0700
0.312000,70,3212754,-193.3600,-575.6800,-829.1000,1.2800,-1.4000,-5.5500,34.7400
0.312000,71,3217113,-183.5900,-571.2900,-838.8700,1.9500,-1.2800,-7.0700,34.7400
0.328000,72,3221477,-179.2000,-571.2900,-832.0300,2.2000,-0.9100,-7.2600,34.8800
0.328000,73,3225835,-179.6900,-565.4300,-818.3600,1.8900,-1.4000,-6.5200,34.7400
0.328000,74,3230198,-171.8700,-566.4100,-796.3900,0.3700,-2.0700,-7.2600,34.9300
0.328000,75,3234557,-169.9200,-581.0500,-798.3400,-2.5600,-2.5600,-8.9600,34.7400
0.344000,76,3239062,-168.9500,-588.3800,-797.3600,-6.0400,-2.5000,-9.2700,35.0700
0.344000,77,3243551,-152.3400,-584.9600,-802.2500,-9.2100,-1.9500,-6.9500,34.5000
0.344000,78,3248045,-149.4100,-578.1200,-797.8500,-12.3800,-1.2800,-3.9600,34.9300
0.359000,79,3252669,-149.4100,-572.7500,-799.8000,-14.8800,-0.3000,-0.4900,35.0700
0.359000,80,3257231,-159.6700,-571.7800,-802.7300,-16.8300,0.4900,2.4400,35.1700
0.359000,81,3261602,-173.8300,-565.9200,-804.2000,-19.0900,0.7900,4.5100,35.1700
0.359000,82,3265980,-182.1300,-572.7500,-810.0600,-19.2100,1.1600,4.9400,35.0700
0.375000,83,3270349,-192.8700,-570.8000,-802.7300,-17.9300,1.8300,4.5100,34.7400
0.375000,84,3274711,-192.3800,-566.4100,-804.6900,-15.9100,1.9500,3.2300,34.6400
0.375000,85,3279071,-192.3800,-564.9400,-802.7300,-13.5400,1.8900,2.3200,35.1700
0.390000,86,3283439,-194.3400,-562.5000,-810.0600,-11.4000,2.4400,0.9800,34.6400
0.390000,87,3287807,-196.7800,-575.2000,-812.9900,-8.9000,3.3500,-0.1200,34.6900
0.390000,88,3292168,-188.4800,-572.2700,-822.2700,-7.0100,4.0200,0.1200,34.4000
0.390000,89,3296535,-174.3200,-543.9500,-821.2900,-5.2400,5.1200,0.3700,35.0700
0.406000,90,3300901,-176.7600,-542.4800,-818.8500,-5.8500,5.8500,-0.4300,34.7400
0.406000,91,3305273,-177.2500,-537.1100,-823.7300,-5.6700,5.9100,-1.0400,34.9300
0.406000,92,3309636,-184.5700,-537.6000,-817.8700,-7.6200,5.6700,-3.5400,34.7400
0.406000,93,3314002,-196.2900,-541.9900,-817.3800,-9.0900,4.4500,-6.0400,34.7400
0.422000,94,3318362,-188.4800,-539.5500,-812.0100,-10.8500,3.2900,-8.2300,34.5500
0.422000,95,3322866,-174.8000,-534.6700,-797.3600,-12.9300,2.5600,-9.5100,34.6400
0.422000,96,3327369,-162.6000,-529.3000,-792.9700,-15.1200,2.8000,-9.2100,34.9300
0.437000,97,3331871,-155.7600,-528.8100,-791.0200,-16.7700,2.8000,-6.4000,34.9300
0.437000,98,3336375,-157.2300,-530.2700,-789.0600,-18.6600,2.7400,-2.5000,34.6900
0.437000,99,3340878,-164.5500,-523.9300,-794.9200,-19.8800,2.8700,1.1600,34.5500
0.453000,100,3345234,-172.3600,-524.4100,-796.8700,-20.7900,2.9300,3.1700,34.6900
0.453000,101,3349734,-177.7300,-535.6400,-808.1100,-21.4600,3.1100,3.7800,35.0300
0.453000,102,3354241,-181.1500,-539.0600,-807.6200,-21.5900,2.9300,3.1700,34.9300
0.453000,103,3358738,-180.1800,-543.4600,-812.0100,-20.6700,3.3500,1.4000,34.6400
0.469000,104,3363238,-179.2000,-541.0200,-816.4100,-19.3300,2.8700,0.1200,34.7400
0.469000,105,3367741,-183.1100,-540.0400,-817.8700,-17.8700,2.3200,-0.4300,34.8800
0.469000,106,3372247,-174.8000,-540.0400,-822.2700,-16.5200,2.5600,-0.8500,34.6400
0.484000,107,3376767,-172.8500,-535.6400,-813.4800,-14.4500,3.1100,-0.7300,34.9300
0.484000,108,3381284,-170.9000,-531.2500,-807.1300,-13.5400,3.4100,0.1200,34.9300
0.484000,109,3385796,-176.7600,-528.3200,-806.1500,-12.3800,4.0900,0.4900,34.8300
0.484000,110,3390303,-179.2000,-530.7600,-804.6900,-11.4000,5.2400,0.1200,34.8800
0.500000,111,3394819,-182.6200,-532.7100,-812.9900,-10.1200,5.7900,-0.7300,34.6400
0.500000,112,3399329,-181.6400,-536.6200,-818.8500,-9.2100,6.2200,-1.8300,34.7400
0.500000,113,3403831,-177.7300,-532.2300,-825.6800,-8.2900,6.1600,-2.8700,34.6900
0.515000,114,3408331,-177.2500,-533.6900,-824.7100,-8.1100,5.9800,-4.3300,34.5500
0.515000,115,3412826,-179.6900,-539.0600,-818.3600,-8.1100,5.6700,-5.9800,34.5000
0.515000,116,3417318,-178.2200,-541.0200,-812.9900,-6.7100,5.4300,-7.6200,34.7400
0.515000,117,3421813,-179.2000,-532.2300,-806.1500,-6.4000,4.5700,-7.2000,34.5500
0.531000,118,3426311,-177.7300,-527.8300,-802.7300,-7.2600,3.8400,-6.4000,34.8800
0.531000,119,3430806,-168.9500,-526.3700,-797.3600,-8.0500,3.2900,-6.2200,34.9300
0.531000,120,3435298,-168.4600,-524.9000,-795.4100,-8.8400,2.7400,-4.7600,34.9300
0.547000,121,3439795,-160.6400,-531.2500,-796.3900,-10.3000,1.5200,-2.8700,34.7400
0.547000,122,3444294,-157.7100,-533.6900,-798.3400,-11.6500,1.2200,-1.7700,34.8800
0.547000,123,3448803,-150.3900,-526.3700,-796.3900,-12.8000,2.0700,-0.5500,34.5000
0.547000,124,3453315,-153.3200,-529.3000,-796.3900,-13.6000,3.2300,0.9800,34.8800
0.562000,125,3457824,-156.2500,-532.2300,-801.2700,-12.5000,5.3700,2.0700,34.7400
0.562000,126,3462327,-162.1100,-526.8600,-799.3200,-12.7400,7.2600,2.5000,34.7400
0.562000,127,3466828,-170.4100,-520.5100,-802.7300,-14.1500,8.5400,2.1300,34.6400
0.578000,128,3471329,-162.1100,-532.2300,-812.0100,-14.6300,8.7200,2.1300,34.9300
0.578000,129,3475833,-156.2500,-534.6700,-828.1200,-12.6800,8.4800,2.8000,34.7400
0.578000,130,3480332,-155.2700,-546.3900,-826.6600,-8.9000,7.8000,4.5700,34.9300
0.578000,131,3484689,-143.5500,-516.6000,-825.6800,-7.2000,7.6200,6.6500,35.0300
0.594000,132,3489047,-146.9700,-509.7700,-819.3400,-6.2200,7.8700,7.8000,34.5500
0.594000,133,3493403,-160.6400,-481.4500,-810.0600,-7.6200,8.7200,6.6500,34.9300
0.594000,134,3497770,-183.1100,-501.9500,-816.4100,-7.6800,8.1700,4.1500,34.9300
0.609000,135,3502126,-182.1300,-494.1400,-825.6800,-8.4800,8.2900,1.5900,34.5000
0.609000,136,3506481,-179.6900,-497.5600,-833.9800,-8.9600,7.9900,-2.0700,34.5000
0.609000,137,3510980,-170.9000,-497.5600,-833.5000,-8.9600,7.1300,-5.1800,34.6400
0.609000,138,3515481,-162.6000,-499.0200,-829.5900,-8.1700,6.5900,-6.3400,34.9300
0.625000,139,3519979,-146.4800,-497.0700,-819.8200,-7.8700,5.7300,-6.2800,34.6900
0.625000,140,3524476,-141.6000,-504.3900,-812.5000,-8.3500,4.8200,-5.5500,34.7400
0.625000,141,3528974,-145.0200,-506.3500,-806.6400,-9.2700,3.7800,-3.9600,34.9300
0.640000,142,3533468,-147.9500,-504.8800,-810.5500,-10.4300,3.4800,-2.9900,34.7400
0.640000,143,3537973,-142.0900,-506.8400,-815.4300,-11.2200,3.1700,-1.8300,34.5000
0.640000,144,3542477,-149.4100,-507.8100,-818.3600,-11.6500,3.1700,-1.5200,34.7400
0.640000,145,3546986,-146.0000,-506.3500,-821.7800,-11.2200,2.7400,-0.7300,34.9300
0.656000,146,3551492,-151.8600,-504.8800,-817.3800,-10.6100,2.5600,-0.1200,34.6400
0.656000,147,3556009,-154.3000,-503.4200,-817.3800,-10.0000,2.2600,-0.0600,34.6900
0.656000,148,3560525,-150.3900,-507.3200,-815.4300,-9.8800,2.2600,-0.3700,34.5500
0.672000,149,3565032,-151.3700,-505.8600,-812.5000,-9.5700,2.7400,-1.5900,34.8300
0.672000,150,3569536,-151.8600,-504.3900,-816.8900,-8.8400,3.6600,-2.1300,34.7400
0.672000,151,3574035,-145.5100,-504.3900,-825.2000,-7.7400,4.0900,-2.0700,34.6400
0.672000,152,3578528,-147.4600,-505.8600,-828.6100,-6.7700,5.0000,-1.3400,35.0300
0.687000,153,3583022,-149.4100,-508.7900,-838.8700,-5.3700,5.6100,-1.1600,34.6400
0.687000,154,3587515,-148.9300,-505.8600,-838.8700,-3.9000,5.9100,-1.1600,34.8800
0.687000,155,3592012,-152.8300,-498.5400,-838.8700,-2.7400,6.1600,-1.2800,34.7400
0.703000,156,3596504,-154.3000,-497.5600,-839.3600,-2.0700,5.9800,-1.8300,34.5500
0.703000,157,3600998,-149.4100,-493.1600,-836.9100,-2.1300,5.4900,-2.6200,35.0300
0.703000,158,3605494,-150.8800,-496.0900,-836.4300,-2.5600,4.7000,-3.0500,34.8800
0.703000,159,3609991,-155.7600,-494.1400,-831.5400,-3.1100,3.6000,-3.8400,34.8300
0.719000,160,3614486,-150.3900,-491.7000,-828.6100,-4.7000,2.1300,-3.4800,34.8800
0.719000,161,3618985,-141.1100,-497.0700,-821.2900,-6.2200,0.9100,-2.7400,34.7400
0.719000,162,3623489,-139.1600,-503.4200,-821.2900,-7.9300,0.1200,-1.4000,34.6400
0.734000,163,3627992,-142.0900,-506.3500,-828.1200,-9.2100,0.0600,-0.1800,34.8800
0.734000,164,3632498,-148.9300,-508.7900,-835.9400,-10.5500,-0.6100,0.8500,34.8800
0.734000,165,3637019,-147.9500,-508.3000,-848.1400,-10.3000,-0.4300,1.7100,34.7400
0.750000,166,3641530,-154.3000,-506.8400,-859.8600,-8.9600,0.1200,2.3200,34.9300
0.750000,167,3645899,-154.3000,-506.8400,-859.8600,-7.9900,0.6100,2.0100,34.5000
0.750000,168,3650269,-160.1600,-504.3900,-866.2100,-6.4600,1.5200,1.4000,34.8300
0.750000,169,3654630,-166.5000,-503.4200,-869.1400,-4.9400,2.2000,0.6100,34.6900
0.765000,170,3659005,-169.9200,-503.9100,-866.7000,-3.9600,3.5400,-0.5500,34.9300
0.765000,171,3663503,-165.5300,-504.8800,-870.1200,-3.4100,4.3900,-1.7100,34.9300
0.765000,172,3668005,-161.6200,-495.6100,-860.3500,-2.6200,5.1200,-3.0500,34.8800
0.781000,173,3672500,-157.7100,-495.6100,-852.5400,-2.7400,5.6700,-3.6600,34.6400
0.781000,174,3676999,-146.9700,-489.7500,-853.0300,-3.4800,5.5500,-3.4100,34.6900
0.781000,175,3681492,-144.0400,-494.1400,-851.0700,-4.5100,5.1200,-2.3800,34.9300
0.781000,176,3685991,-144.0400,-494.1400,-855.9600,-5.6700,5.0000,-1.2200,35.0300
0.797000,177,3690482,-147.4600,-492.6800,-854.9800,-6.6500,4.0200,0.2400,34.5500
0.797000,178,3694856,-142.5800,-493.1600,-856.4500,-7.3800,3.1700,1.5900,34.8800
0.797000,179,3699217,-147.4600,-491.2100,-853.5200,-7.5000,2.5600,2.0100,34.8300
0.797000,180,3703577,-152.3400,-491.7000,-853.5200,-7.3200,1.9500,2.0700,35.0700
0.812000,181,3707934,-144.0400,-489.7500,-855.4700,-7.0100,1.2800,1.5200,34.7400
0.812000,182,3712300,-145.0200,-490.2300,-843.2600,-6.9500,1.4600,0.7300,34.9300
0.812000,183,3716661,-141.6000,-493.6500,-846.6800,-6.1000,1.8900,0.4900,34.8800
0.828000,184,3721028,-145.0200,-503.9100,-847.6600,-4.7000,2.7400,-0.2400,34.8800
0.828000,185,3725532,-143.5500,-500.4900,-846.6800,-3.5400,2.9300,-1.4000,34.9300
0.828000,186,3730039,-141.6000,-498.5400,-841.3100,-2.3200,3.1700,-1.7100,34.6900
0.828000,187,3734538,-138.6700,-492.1900,-845.2100,-1.1000,3.1700,-2.2000,34.9300
0.844000,188,3739034,-135.7400,-491.2100,-851.0700,-0.4900,3.2900,-2.2000,34.7400
0.844000,189,3743533,-139.6500,-496.0900,-853.0300,0.7300,3.6000,-2.5000,34.8300
0.844000,190,3747903,-141.1100,-505.3700,-854.9800,1.5900,3.1700,-3.4100,34.6400
0.859000,191,3752269,-138.6700,-500.0000,-854.9800,1.6500,2.8000,-3.7800,34.3100
0.859000,192,3756623,-133.3000,-484.8600,-844.7300,1.7700,2.2000,-3.6000,34.8800
0.859000,193,3760986,-141.1100,-488.7700,-846.1900,0.6700,1.3400,-3.1100,34.9300
0.859000,194,3765353,-136.7200,-491.7000,-848.6300,-0.9100,0.3700,-2.9300,34.8300
0.875000,195,3769854,-137.2100,-485.8400,-846.1900,-2.8700,0.0600,-2.3800,34.6900
0.875000,196,3774362,-132.8100,-485.8400,-840.3300,-4.0900,-0.3700,-1.4000,34.8800
0.875000,197,3778877,-134.7700,-486.3300,-842.2900,-5.9100,-0.6700,0.0600,34.6400
0.890000,198,3783382,-134.7700,-484.3700,-849.1200,-7.5000,-0.9800,1.0400,34.8300
0.890000,199,3787889,-141.6000,-488.2800,-860.8400,-8.1100,-1.1000,2.1300,35.0300
0.890000,200,3792388,-143.5500,-484.8600,-867.1900,-8.3500,-0.7900,3.2900,34.9300
0.890000,201,3796895,-144.5300,-480.9600,-874.0200,-7.2600,-0.1800,4.2700,34.8800
0.906000,202,3801403,-144.5300,-477.5400,-876.9500,-5.7900,0.3000,4.7600,34.8800
0.906000,203,3805778,-150.8800,-482.9100,-873.0500,-3.8400,0.8500,3.6600,34.5000
0.906000,204,3810138,-153.8100,-478.0300,-878.4200,-1.7700,1.4000,2.1300,34.7400
0.922000,205,3814500,-150.8800,-481.9300,-873.0500,0.0000,1.6500,0.7900,34.6400
0.922000,206,3818868,-144.0400,-477.5400,-869.6300,1.7100,2.1300,-0.6100,34.8800
0.922000,207,3823247,-145.0200,-474.1200,-857.9100,2.6800,2.6200,-1.1000,34.8800
0.922000,208,3827611,-140.6200,-476.5600,-853.5200,3.6600,2.6800,-0.9100,35.1700
0.937000,209,3832029,-139.1600,-480.4700,-841.3100,3.4100,2.9300,-0.9800,34.7400
0.937000,210,3836443,-138.6700,-475.5900,-838.3800,3.3500,2.6800,-0.6700,34.9300
0.937000,211,3840835,-133.3000,-476.5600,-837.8900,2.9300,2.9300,-0.1200,34.7400
0.953000,212,3845202,-129.8800,-471.1900,-832.5200,2.5600,2.8700,-0.0600,34.6900
0.953000,213,3849574,-132.8100,-479.0000,-832.0300,2.3800,2.6200,0.2400,34.6400
0.953000,214,3853946,-130.3700,-478.5200,-830.5700,2.0700,2.5000,0.5500,34.9300
0.953000,215,3858326,-131.3500,-482.9100,-830.0800,2.1300,2.3800,1.1000,34.9300
0.969000,216,3862691,-128.4200,-484.3700,-827.6400,2.2600,1.8300,1.2200,34.8800
0.969000,217,3867055,-131.3500,-490.7200,-824.2200,2.2600,0.9800,0.8500,34.7400
0.969000,218,3871418,-126.4600,-481.4500,-815.4300,2.1300,0.1800,0.5500,34.9300
0.984000,219,3875792,-125.9800,-479.0000,-810.0600,3.0500,-0.6700,1.1000,34.9300
0.984000,220,3880158,-125.0000,-478.0300,-799.3200,3.2900,-1.3400,1.9500,34.6400
0.984000,221,3884519,-131.8400,-477.0500,-799.3200,3.4100,-2.5000,2.0100,34.6400
0.984000,222,3888890,-135.2500,-477.5400,-805.1800,3.6000,-3.7200,2.0700,34.6400
1.000000,223,3893256,-134.2800,-481.9300,-807.6200,4.1500,-4.5100,1.9500,34.8800
1.000000,224,3897614,-128.4200,-488.7700,-804.6900,5.0600,-4.8800,1.5200,34.9300
1.000000,225,3901974,-134.2800,-483.4000,-800.7800,6.2200,-4.8800,1.4000,34.9300
1.000000,226,3906411,-136.2300,-485.3500,-792.9700,7.3800,-4.6300,0.8500,34.8300
1.015000,227,3910786,-133.3000,-488.7700,-788.5700,8.6000,-4.8800,0.7900,34.6900
1.015000,228,3915148,-132.8100,-485.3500,-784.6700,9.3900,-4.8200,0.1200,34.7400
1.015000,229,3919517,-136.7200,-494.1400,-785.6400,9.6300,-4.8200,-0.4900,34.6900
1.031000,230,3924028,-135.2500,-491.7000,-792.4800,10.0000,-4.8200,-1.2200,35.0300
1.031000,231,3928537,-134.2800,-498.0500,-797.3600,10.2400,-4.8800,-1.3400,34.7400
1.031000,232,3933050,-132.3200,-494.1400,-795.9000,10.9100,-5.2400,-0.6700,34.9300
1.031000,233,3937560,-134.2800,-485.8400,-793.4600,11.4000,-5.6700,-0.2400,34.5000
1.047000,234,3942080,-141.1100,-493.6500,-798.3400,11.2800,-5.7900,0.2400,34.6900
1.047000,235,3946593,-143.0700,-490.7200,-806.6400,10.7900,-6.3400,0.1200,34.9300
1.047000,236,3951107,-145.0200,-495.1200,-807.6200,10.7900,-6.6500,0.3000,34.7400
1.062000,237,3955613,-147.4600,-498.0500,-807.1300,10.8500,-6.5900,0.4300,34.8800
1.062000,238,3960131,-145.5100,-489.7500,-809.5700,11.2200,-7.1300,0.1200,34.5000
1.062000,239,3964641,-143.0700,-493.6500,-810.0600,10.6700,-7.2600,0.9100,34.7400
1.062000,240,3969151,-151.3700,-500.0000,-809.5700,9.6300,-7.4400,0.9100,34.6400
1.078000,241,3973519,-154.7900,-504.3900,-818.8500,9.6300,-7.4400,0.9100,34.6400
1.078000,242,3977888,-147.4600,-503.9100,-820.3100,8.4100,-7.3200,0.7900,34.6400
1.078000,243,3982264,-139.6500,-502.9300,-816.8900,7.5600,-7.0100,1.1600,34.8300
1.094000,244,3986628,-141.1100,-510.2500,-815.9200,6.3400,-6.8900,1.8300,34.9300
1.094000,245,3990993,-139.6500,-514.1600,-819.8200,5.0000,-7.4400,2.2000,34.6900
1.094000,246,3995355,-141.6000,-525.8800,-817.8700,3.7800,-7.8700,2.2000,34.8800
1.094000,247,3999711,-140.1400,-535.1600,-817.3800,2.8000,-8.6600,2.0700,34.6400
1.109000,248,4004071,-137.7000,-532.7100,-817.3800,1.5200,-9.3900,1.5900,34.6900
1.109000,249,4008429,-137.2100,-525.8800,-815.9200,0.9800,-9.9400,2.2600,34.6400
1.109000,250,4012798,-137.7000,-530.2700,-825.2000,0.0000,-10.1200,3.0500,34.8800
1.125000,251,4017296,-139.1600,-535.1600,-836.4300,-0.1800,-9.5100,3.6000,34.6900
1.125000,252,4021819,-148.9300,-544.4300,-846.1900,0.4900,-9.0200,3.6000,34.6400
1.125000,253,4026181,-157.7100,-542.4800,-855.4700,2.2000,-7.8700,2.5000,34.6400
1.125000,254,4030545,-164.0600,-540.0400,-864.2600,4.8800,-6.7100,1.3400,34.4000
1.140000,255,4034907,-161.1300,-541.9900,-870.6100,7.3200,-5.9800,0.0600,34.6900
1.140000,256,4039283,-165.5300,-545.4100,-877.9300,9.7600,-4.9400,-0.9100,34.6400
1.140000,257,4043789,-162.6000,-540.5300,-877.9300,12.2600,-4.0200,-1.8300,34.6400
1.156000,258,4048301,-166.0200,-545.9000,-875.9800,14.4500,-3.8400,-2.8000,34.4000
1.156000,259,4052808,-160.6400,-532.7100,-866.7000,15.7300,-3.9000,-4.0200,34.6400
1.156000,260,4057318,-158.6900,-542.9700,-858.8900,14.8200,-4.1500,-4.5700,35.0700
1.156000,261,4061823,-153.3200,-544.9200,-854.9800,13.4800,-4.7600,-4.7600,34.6400
1.172000,262,4066328,-147.9500,-544.4300,-852.5400,11.2800,-4.6300,-3.6000,34.3600
1.172000,263,4070837,-154.7900,-543.9500,-861.3300,9.0200,-6.5200,-2.1300,34.8800
1.172000,264,4075335,-133.3000,-548.8300,-867.1900,4.3300,-11.8300,-0.5500,35.0700
1.187000,265,4079848,-122.5600,-540.0400,-888.1800,6.3400,-11.0400,6.5200,34.8800
1.187000,266,4084363,-159.6700,-539.5500,-877.4400,6.4600,-8.4100,6.7700,34.9300
1.187000,267,4088723,-195.3100,-540.0400,-859.8600,4.8200,-6.8900,3.1700,34.7400
1.187000,268,4093088,-178.7100,-542.9700,-861.3300,1.7700,-5.7300,-0.0600,34.6900
1.203000,269,4097585,-178.7100,-545.9000,-853.0300,0.4300,-2.5000,-2.0700,34.5500
1.203000,270,4102102,-166.0200,-537.6000,-846.1900,-1.1000,-3.9600,-2.7400,34.5000
1.203000,271,4106606,-146.0000,-542.9700,-855.4700,-2.1300,-2.6200,-0.5500,34.5000
1.219000,272,4111114,-149.4100,-540.5300,-846.6800,-2.8700,-1.1000,0.8500,34.8300
1.219000,273,4115611,-148.9300,-536.6200,-847.1700,-3.4800,-0.3000,1.1000,34.6900
1.219000,274,4120126,-158.2000,-540.0400,-847.1700,-3.3500,1.1000,1.9500,34.8800
1.219000,275,4124488,-163.5700,-535.1600,-851.0700,-2.3800,1.3400,2.5000,34.8800
1.234000,276,4128860,-164.5500,-534.6700,-864.7500,-0.9800,1.1000,2.5000,34.9300
1.234000,277,4133221,-159.1800,-528.3200,-877.4400,2.1300,2.0100,3.0500,35.0300
1.234000,278,4137590,-164.5500,-530.7600,-890.6200,5.8500,3.1100,1.8900,34.8800
1.250000,279,4141959,-175.7800,-531.7400,-892.5800,8.3500,2.7400,-0.9100,34.7400
1.250000,280,4146329,-167.9700,-530.7600,-893.5500,10.3700,1.6500,-2.8700,34.9300
1.250000,281,4150838,-168.4600,-531.2500,-894.0400,12.4400,1.5900,-4.5700,34.6900
1.250000,282,4155359,-175.7800,-538.0900,-875.9800,12.3200,1.6500,-7.0700,34.6400
1.265000,283,4159862,-163.5700,-531.7400,-868.6500,9.5100,-0.2400,-8.6000,34.8800
1.265000,284,4164369,-146.0000,-531.2500,-848.6300,2.8000,-1.3400,-5.5500,34.5000
1.265000,285,4168872,-147.4600,-531.7400,-850.1000,-1.2200,-1.2800,-0.9100,34.9300
1.281000,286,4173384,-153.3200,-528.8100,-859.3700,-5.5500,-1.4600,1.8300,34.4000
1.281000,287,4177884,-163.5700,-529.7900,-859.8600,-9.1500,-0.1200,4.3300,34.6900
1.281000,288,4182392,-178.2200,-522.4600,-856.4500,-11.7700,0.5500,5.7300,34.6400
1.281000,289,4186903,-175.7800,-506.3500,-855.9600,-12.8700,0.9800,6.5200,35.0700
1.297000,290,4191425,-180.1800,-507.8100,-859.3700,-12.8700,1.3400,6.7100,34.8800
1.297000,291,4195937,-188.9600,-509.7700,-861.3300,-11.5900,1.5900,6.6500,34.5000
1.297000,292,4200447,-191.8900,-514.1600,-864.7500,-9.5700,1.5900,6.2200,34.6900
1.312000,293,4204810,-182.1300,-507.8100,-882.3200,-7.5000,1.6500,4.5700,34.8300
1.312000,294,4209175,-178.2200,-506.3500,-889.6500,-4.2700,2.8700,4.0200,34.6900
1.312000,295,4213531,-183.5900,-510.2500,-897.4600,-0.3700,3.3500,4.4500,34.6400
1.312000,296,4217905,-192.3800,-509.7700,-898.9300,3.7800,3.0500,3.8400,34.6400
1.328000,297,4222273,-186.0400,-505.8600,-897.4600,6.9500,3.1100,3.1100,34.5500
1.328000,298,4226634,-175.2900,-500.4900,-893.5500,9.8200,3.8400,2.2600,34.6900
1.328000,299,4230998,-177.7300,-498.0500,-891.1100,12.8000,4.4500,0.7300,35.0700
1.328000,300,4235369,-170.9000,-498.0500,-884.7700,15.4300,4.7000,-1.1000,34.8800
1.344000,301,4239878,-165.0400,-500.9800,-867.1900,17.2000,5.0000,-2.4400,35.1700
1.344000,302,4244382,-154.7900,-493.6500,-853.5200,17.5600,5.1200,-2.2600,34.7400
1.344000,303,4248892,-149.4100,-494.6300,-836.4300,15.7900,3.7200,-1.4600,34.6400
1.359000,304,4253401,-136.7200,-492.6800,-841.8000,14.0200,3.4100,1.3400,34.8800
1.359000,305,4257767,-149.4100,-505.8600,-836.4300,13.1700,4.4500,3.7200,34.8800
1.359000,306,4262132,-170.4100,-503.9100,-822.7500,11.7700,5.6100,3.4100,34.8800
1.359000,307,4266490,-153.3200,-500.0000,-813.9600,9.1500,4.5700,2.9300,34.7400
1.375000,308,4270855,-141.1100,-496.5800,-810.5500,7.0100,3.7800,3.2900,34.7400
1.375000,309,4275211,-134.2800,-495.1200,-811.0400,6.6500,2.9900,4.4500,34.5000
1.375000,310,4279566,-131.3500,-503.4200,-808.1100,6.8300,1.7100,5.3000,34.6900
1.390000,311,4283926,-138.1800,-507.8100,-801.7600,6.6500,1.6500,5.9800,34.9300
1.390000,312,4288291,-141.1100,-510.2500,-791.9900,5.9800,0.7900,5.3700,34.6400
1.390000,313,4292652,-131.3500,-518.5500,-801.7600,5.4900,-0.2400,4.6300,34.8300
1.390000,314,4297024,-131.8400,-524.9000,-807.6200,5.5500,-0.9100,4.7000,34.6900
1.406000,315,4301394,-131.3500,-527.3400,-812.9900,5.9100,-1.6500,5.2400,34.7400
1.406000,316,4305765,-132.8100,-523.4400,-817.3800,6.5200,-2.5000,6.0400,34.6900
1.406000,317,4310129,-132.8100,-527.3400,-825.6800,7.4400,-3.9600,6.5200,34.6400
1.422000,318,4314486,-132.8100,-531.7400,-827.6400,8.6600,-5.1800,5.8500,34.6900
1.422000,319,4318848,-134.2800,-531.7400,-822.2700,9.4500,-6.5200,5.0600,34.7400
1.422000,320,4323207,-131.8400,-531.2500,-820.3100,9.4500,-7.6200,4.4500,34.8800
1.422000,321,4327562,-128.4200,-539.0600,-812.9900,8.5400,-8.7800,4.5100,34.8300
1.437000,322,4331929,-131.3500,-538.0900,-806.6400,6.6500,-9.6300,4.7600,34.6400
1.437000,323,4336294,-134.7700,-544.9200,-795.9000,3.9000,-10.2400,5.1800,34.4000
1.437000,324,4340795,-132.3200,-546.8800,-791.9900,0.6100,-10.4900,6.1600,34.7400
1.453000,325,4345360,-133.7900,-554.6900,-796.8700,-2.0700,-9.7600,7.0100,34.6900
1.453000,326,4349914,-137.2100,-553.2200,-804.6900,-4.4500,-9.0900,8.1100,34.6400
1.453000,327,4354435,-141.1100,-557.1300,-823.7300,-6.1000,-7.9900,8.5400,34.7400
1.453000,328,4358935,-141.6000,-557.1300,-832.0300,-5.8500,-6.4600,8.9600,34.6400
1.469000,329,4363440,-146.0000,-555.6600,-841.8000,-4.1500,-5.6700,9.0900,34.6400
1.469000,330,4367940,-155.2700,-558.1100,-845.7000,-2.0100,-5.0600,8.3500,34.6400
1.469000,331,4372450,-158.2000,-553.2200,-851.0700,0.7900,-4.7600,6.1000,34.6400
1.484000,332,4376824,-167.4800,-562.9900,-854.4900,3.8400,-4.4500,3.5400,34.6400
1.484000,333,4381189,-162.6000,-562.5000,-854.4900,5.9100,-4.5100,2.2000,34.7400
1.484000,334,4385555,-162.1100,-558.1100,-845.7000,7.7400,-5.1200,1.5200,34.5500
1.484000,335,4389917,-157.7100,-554.6900,-844.2400,8.3500,-5.7900,1.1000,34.6900
1.500000,336,4394284,-160.1600,-556.6400,-841.3100,7.6200,-5.7900,0.6100,34.8800
1.500000,337,4398645,-158.6900,-555.6600,-848.1400,6.4600,-6.4000,0.5500,34.6400
1.500000,338,4403017,-160.6400,-556.1500,-850.5900,4.8200,-6.6500,1.5200,34.6400
1.515000,339,4407386,-160.6400,-552.7300,-854.0000,3.4100,-6.8900,2.3200,34.7400
1.515000,340,4411747,-165.0400,-555.6600,-846.1900,2.5000,-6.7100,2.6800,34.8800
1.515000,341,4416108,-166.9900,-553.2200,-849.1200,1.0400,-6.7100,2.8000,34.6900
1.515000,342,4420469,-168.4600,-551.7600,-846.1900,-0.2400,-6.7100,2.7400,34.9300
1.531000,343,4424966,-151.8600,-558.5900,-849.6100,-2.7400,-9.0900,1.8900,34.5000
1.531000,344,4429468,-149.9000,-550.2900,-855.9600,-2.3800,-8.6000,4.2700,34.7400
1.531000,345,4433971,-175.7800,-556.1500,-847.6600,-1.9500,-6.9500,4.8200,34.3600
1.547000,346,4438468,-181.1500,-552.2500,-842.2900,-2.5000,-5.7900,3.2900,34.7400
1.547000,347,4442965,-173.3400,-550.2900,-850.1000,-2.4400,-5.6100,2.0100,34.6400
1.547000,348,4447465,-174.3200,-550.2900,-847.6600,-1.8300,-4.1500,1.9500,34.8800
1.547000,349,4451965,-167.4800,-550.2900,-845.7000,-1.1000,-4.9400,1.6500,34.8800
1.562000,350,4456465,-168.9500,-553.2200,-854.4900,0.1200,-4.7000,1.8900,34.8800
1.562000,351,4460841,-178.2200,-558.1100,-847.6600,2.3800,-4.2700,0.9800,34.5000
1.562000,352,4465201,-179.6900,-553.2200,-847.6600,3.1700,-3.6600,-0.7300,34.7400
1.578000,353,4469708,-174.8000,-558.1100,-845.7000,2.9900,-3.4100,-2.0700,34.6400
1.578000,354,4474214,-176.2700,-553.2200,-842.7700,2.6800,-3.0500,-2.7400,34.3100
1.578000,355,4478716,-166.0200,-554.2000,-842.7700,2.0700,-3.0500,-2.3800,34.8300
1.578000,356,4483215,-167.9700,-559.5700,-844.7300,1.7100,-3.6000,-1.5200,34.9300
1.594000,357,4487709,-172.3600,-554.6900,-842.7700,0.3700,-4.3300,-0.4300,34.6400
1.594000,358,4492213,-175.7800,-551.2700,-847.1700,-0.9100,-4.4500,0.1200,34.7400
1.594000,359,4496721,-174.8000,-548.3400,-842.7700,-2.3800,-4.2700,0.1800,34.8300
1.594000,360,4501232,-173.3400,-548.3400,-844.2400,-3.5400,-4.1500,0.4900,34.5000
1.609000,361,4505732,-173.8300,-561.0400,-854.4900,-4.8800,-3.6600,0.6700,34.5500
1.609000,362,4510242,-170.4100,-541.0200,-839.3600,-4.2700,-3.1700,1.1000,34.7400
1.609000,363,4514744,-177.2500,-537.1100,-833.5000,-4.0900,-3.0500,3.1700,34.8800
1.625000,364,4519247,-189.9400,-568.3600,-827.6400,-4.0900,-3.2300,2.0700,34.6900
1.625000,365,4523746,-180.6600,-550.2900,-831.5400,-2.8700,-2.9300,-1.1600,34.6400
1.625000,366,4528251,-163.0900,-522.9500,-812.5000,-1.7700,-2.2000,0.3700,34.6400
1.625000,367,4532752,-167.4800,-522.9500,-806.6400,-1.2200,-2.8000,2.5000,34.5000
1.640000,368,4537258,-178.2200,-544.4300,-815.9200,-1.5200,-3.0500,1.7700,34.6900
1.640000,369,4541762,-183.5900,-551.7600,-834.4700,-1.3400,-2.9900,0.6100,34.7400
1.640000,370,4546265,-181.1500,-546.3900,-834.4700,-0.4900,-3.6600,0.3700,34.5000
1.656000,371,4550777,-175.7800,-542.4800,-831.5400,0.4900,-3.7800,0.9100,34.6400
1.656000,372,4555148,-170.4100,-551.7600,-834.4700,0.7900,-3.9000,0.7300,34.6900
1.656000,373,4559512,-174.8000,-555.6600,-842.2900,1.1600,-3.6600,-0.0600,34.6400
1.672000,374,4564027,-178.2200,-561.0400,-849.6100,1.4600,-3.1100,-0.3700,34.6900
1.672000,375,4568533,-177.2500,-550.2900,-847.6600,2.3200,-3.2300,0.0600,34.6900
1.672000,376,4572912,-179.2000,-539.5500,-838.3800,2.8700,-3.6600,0.4900,34.5000
1.672000,377,4577289,-179.6900,-543.9500,-833.9800,2.8700,-4.1500,-0.1800,34.7400
1.687000,378,4581799,-182.1300,-546.3900,-831.5400,2.3800,-4.2100,-1.0400,34.7400
1.687000,379,4586307,-170.9000,-538.0900,-830.0800,1.7700,-4.2700,-1.0400,34.7400
1.687000,380,4590807,-169.9200,-535.1600,-820.3100,0.5500,-3.9600,-0.6100,34.4000
1.703000,381,4595311,-165.5300,-542.9700,-817.3800,-0.1200,-3.9600,0.1200,34.5500
1.703000,382,4599816,-164.5500,-542.9700,-812.9900,-0.4900,-3.7200,0.8500,34.8800
1.703000,383,4604333,-167.9700,-538.5700,-812.5000,-0.6100,-3.3500,1.7100,34.5500
1.703000,384,4608836,-170.9000,-530.7600,-814.4500,-0.6100,-2.8700,2.1300,35.0300
1.719000,385,4613347,-172.3600,-529.3000,-817.8700,-0.3700,-2.6200,2.0100,34.6900
1.719000,386,4617853,-178.7100,-531.7400,-818.3600,0.0000,-3.0500,1.2200,34.3600
1.719000,387,4622227,-182.6200,-536.6200,-825.2000,1.1000,-3.7200,0.9100,34.6400
1.734000,388,4626606,-181.6400,-536.1300,-820.3100,1.8300,-4.7000,0.9100,34.6400
1.734000,389,4630974,-181.1500,-534.1800,-811.5200,1.4000,-5.1200,1.2200,34.6400
1.734000,390,4635338,-178.7100,-523.4400,-800.7800,0.8500,-5.4300,1.6500,34.6900
1.734000,391,4639707,-183.1100,-522.4600,-804.2000,-0.0600,-5.4300,2.2600,34.7400
1.750000,392,4644210,-190.4300,-526.3700,-810.0600,-0.7300,-5.6100,2.8700,34.6400
1.750000,393,4648720,-187.9900,-525.8800,-812.0100,-1.0400,-5.8500,3.2900,34.7400
1.750000,394,4653226,-183.1100,-531.2500,-824.7100,-0.7300,-5.7300,3.5400,34.6900
1.765000,395,4657739,-184.5700,-528.8100,-821.7800,-0.1200,-5.5500,3.8400,34.6400
1.765000,396,4662246,-188.4800,-535.6400,-819.8200,0.6700,-5.1800,4.0200,34.9300
1.765000,397,4666621,-196.2900,-538.0900,-824.7100,1.3400,-4.8800,3.9600,34.6400
1.765000,398,4670984,-196.7800,-541.5000,-825.6800,2.5600,-4.2100,3.6000,34.7400
1.781000,399,4675351,-196.7800,-537.6000,-822.2700,3.6600,-4.3300,3.1700,34.5000
1.781000,400,4679705,-197.7500,-541.0200,-822.2700,4.9400,-4.3300,3.1100,34.7400
1.781000,401,4685815,-197.7500,-537.6000,-816.8900,5.7900,-4.5100,2.9300,34.6400
1.797000,402,4690172,-196.7800,-549.3200,-828.1200,6.0400,-4.3900,2.3200,35.0300
1.797000,403,4694533,-195.8000,-554.2000,-829.5900,6.5200,-4.4500,1.6500,34.5000
1.797000,404,4698894,-187.5000,-555.6600,-821.2900,6.8900,-4.4500,1.4000,34.5500
1.797000,405,4703260,-185.5500,-555.1800,-821.7800,6.9500,-4.4500,1.4600,34.6900
1.812000,406,4707618,-187.0100,-550.7800,-816.4100,6.4000,-4.3900,1.7700,34.9300
1.812000,407,4711979,-183.1100,-559.0800,-818.8500,5.7300,-4.1500,1.7700,34.8800
1.812000,408,4716337,-187.0100,-563.4800,-819.8200,5.3700,-3.9600,2.2000,34.8800
1.828000,409,4720694,-184.5700,-556.6400,-816.4100,4.8200,-3.8400,2.4400,34.6900
1.828000,410,4725056,-185.5500,-557.6200,-813.4800,4.6300,-3.6000,2.3800,34.8800
1.828000,411,4729415,-183.5900,-557.1300,-810.5500,4.2700,-3.1700,2.6200,34.8800
1.828000,412,4733779,-187.5000,-558.5900,-807.6200,4.3300,-3.2300,2.5600,34.8300
1.844000,413,4738139,-187.5000,-563.4800,-807.6200,3.7800,-3.6000,2.3200,34.5500
1.844000,414,4742498,-187.5000,-561.5200,-801.2700,3.6600,-3.5400,2.2600,34.7400
1.844000,415,4746861,-190.9200,-556.6400,-806.6400,3.2300,-3.2300,2.3800,34.6900
1.859000,416,4751223,-184.5700,-558.5900,-803.2200,2.3800,-3.1700,1.8300,34.7400
1.859000,417,4755584,-187.0100,-562.5000,-809.0800,1.3400,-3.3500,2.2000,34.7400
1.859000,418,4759945,-186.5200,-565.9200,-816.4100,1.2800,-3.2900,2.8000,35.0300
1.859000,419,4764312,-184.0800,-561.0400,-813.4800,0.9100,-3.4100,3.2300,35.1700
1.875000,420,4768674,-182.6200,-562.9900,-806.1500,0.4300,-3.7200,3.1700,34.6400
1.875000,421,4773045,-181.6400,-570.3100,-805.6600,-0.6700,-3.6000,3.8400,34.7400
1.875000,422,4777550,-184.5700,-569.3400,-802.7300,-1.0400,-3.8400,4.2100,34.6900
1.875000,423,4782057,-186.5200,-572.7500,-806.6400,-1.5200,-3.3500,4.5100,35.0700
1.890000,424,4786564,-185.0600,-571.7800,-804.6900,-1.7100,-3.0500,3.9000,34.5500
1.890000,425,4791062,-188.4800,-580.0800,-806.6400,-1.2200,-2.2600,3.1700,34.5000
1.890000,426,4795555,-183.5900,-575.6800,-809.0800,-0.1800,-1.6500,2.2600,34.8800
1.906000,427,4800063,-191.4100,-573.7300,-811.0400,1.2800,-1.4600,1.3400,34.7400
1.906000,428,4804427,-191.8900,-569.3400,-818.8500,2.9900,-1.0400,1.1000,34.6400
1.906000,429,4808789,-192.8700,-571.2900,-828.1200,4.3900,-0.9100,0.8500,34.5500
1.906000,430,4813156,-195.3100,-574.2200,-835.4500,5.4900,-0.8500,0.4300,34.6900
1.922000,431,4817519,-196.7800,-568.3600,-851.5600,6.8900,-0.7300,-0.1800,34.7400
1.922000,432,4822033,-188.9600,-571.2900,-854.4900,8.1700,-2.9900,-1.2800,34.8800
1.922000,433,4826537,-192.8700,-577.1500,-857.9100,10.6100,-3.7200,-0.7300,34.8800
1.937000,434,4831061,-194.3400,-573.7300,-849.1200,12.6200,-4.3300,-0.7900,34.6900
1.937000,435,4835575,-205.5700,-570.8000,-833.9800,12.5600,-3.9000,-1.8900,34.8800
1.937000,436,4840095,-206.0500,-570.8000,-813.4800,10.4900,-4.7600,-3.8400,34.5500
1.953000,437,4844603,-188.9600,-564.4500,-805.6600,6.8300,-5.9800,-4.7000,34.7400
1.953000,438,4849105,-178.2200,-567.3800,-803.2200,2.9900,-5.3700,-3.2300,34.8300
1.953000,439,4853601,-186.0400,-564.9400,-804.2000,-0.3000,-4.3900,-1.8900,34.6400
1.953000,440,4858115,-175.7800,-562.0100,-812.9900,-4.5700,-4.9400,-0.9800,34.7400
1.969000,441,4862622,-187.9900,-559.5700,-815.4300,-7.1300,-4.5100,2.0100,34.6900
1.969000,442,4867130,-200.2000,-555.6600,-818.3600,-7.9900,-3.2300,3.2300,34.5000
1.969000,443,4871624,-201.6600,-548.8300,-825.6800,-8.6600,-3.0500,2.5600,34.7400
1.969000,444,4876124,-205.0800,-555.1800,-830.0800,-7.2600,-1.9500,0.9800,34.8800
1.984000,445,4880620,-205.5700,-556.6400,-828.1200,-5.9800,-0.8500,-0.3700,34.5500
1.984000,446,4885132,-203.6100,-558.5900,-820.3100,-4.6300,0.4300,-1.2800,34.5000
1.984000,447,4889638,-204.5900,-559.5700,-815.9200,-3.9600,0.9800,-1.8900,34.6900
2.000000,448,4894150,-199.2200,-557.1300,-828.6100,-2.9900,1.2800,-1.6500,34.5500
2.000000,449,4898648,-202.1500,-559.5700,-841.8000,-1.7700,1.7700,-1.5900,34.6400
2.000000,450,4903144,-200.2000,-560.0600,-862.3000,0.4900,1.2800,-1.8300,34.5000
2.015000,451,4907578,-203.1200,-558.5900,-866.7000,3.5400,0.6100,-2.2000,34.7400
2.015000,452,4911957,-204.5900,-553.7100,-869.1400,5.8500,0.0000,-2.4400,35.0700
2.015000,453,4916322,-199.2200,-556.1500,-864.7500,7.3200,-0.6100,-3.2900,34.9300
2.015000,454,4920839,-196.2900,-551.7600,-850.1000,7.8000,-2.0700,-4.2700,34.6900
2.031000,455,4925354,-183.5900,-551.2700,-848.1400,7.5000,-3.7800,-3.2900,34.7400
2.031000,456,4929857,-191.8900,-549.8000,-825.2000,7.0100,-2.8700,-1.1000,34.7400
2.031000,457,4934362,-190.9200,-556.1500,-812.9900,5.0600,-2.7400,-0.6700,34.5500
2.031000,458,4938869,-192.3800,-554.6900,-816.8900,2.2000,-2.3200,-0.6100,34.5500
2.047000,459,4943381,-189.4500,-557.1300,-815.9200,-1.0400,-1.0400,0.3000,34.6400
2.047000,460,4947888,-188.9600,-549.8000,-816.4100,-2.6200,-0.6100,0.9800,34.4000
2.047000,461,4952391,-193.8500,-554.2000,-822.2700,-3.9000,-0.0600,1.2200,34.5500
2.062000,462,4956903,-195.3100,-554.6900,-816.4100,-4.9400,0.6100,1.1600,34.6900
2.062000,463,4961280,-195.8000,-558.1100,-828.1200,-5.4900,0.7900,0.6100,34.6900
2.062000,464,4965648,-196.7800,-560.5500,-833.0100,-5.3700,1.4000,0.2400,34.6900
2.078000,465,4970019,-186.5200,-561.0400,-835.9400,-4.2700,1.5200,-0.7300,34.7400
2.078000,466,4974522,-187.5000,-550.7800,-829.5900,-2.9900,1.0400,-1.0400,34.8800
2.078000,467,4979028,-184.0800,-552.2500,-820.3100,-1.9500,0.0600,-0.6100,34.9300
2.078000,468,4983535,-177.7300,-544.9200,-816.4100,-0.7300,-0.1200,-0.3700,34.7400
2.094000,469,4988055,-185.0600,-550.7800,-808.1100,-0.3000,-1.2200,-0.1200,34.6400
2.094000,470,4992566,-187.9900,-551.2700,-806.6400,0.2400,-1.9500,0.1200,34.5000
2.094000,471,4996937,-194.8200,-553.2200,-807.6200,1.4000,-2.2000,0.0600,34.4000
2.109000,472,5001316,-194.3400,-543.4600,-805.6600,2.6200,-2.2600,-0.4900,34.6400
2.109000,473,5005823,-199.7100,-551.7600,-810.0600,3.5400,-2.6200,-0.9100,34.5000
2.109000,474,5010332,-197.2700,-556.1500,-822.7500,5.2400,-2.0100,-1.1000,34.9300
2.109000,475,5014843,-207.5200,-548.8300,-821.2900,6.9500,-1.5200,-1.5200,34.5000
2.125000,476,5019351,-203.1200,-545.9000,-820.8000,7.5000,-1.3400,-2.5600,34.7400
2.125000,477,5023850,-195.3100,-541.9900,-816.8900,7.8700,-1.4000,-3.1100,34.7400
2.125000,478,5028353,-199.7100,-541.5000,-812.0100,7.6200,-1.0400,-2.9300,34.8800
2.140000,479,5032859,-199.7100,-539.5500,-811.0400,6.5900,-1.1000,-2.8700,34.7400
2.140000,480,5037355,-195.8000,-537.1100,-801.2700,5.4300,-1.7100,-1.6500,34.4000
2.140000,481,5041850,-190.4300,-542.4800,-804.6900,3.1700,-1.5200,-1.1600,34.5500
2.140000,482,5046350,-191.4100,-536.6200,-803.2200,0.8500,-1.1600,-0.0600,34.9300
2.156000,483,5050857,-190.9200,-532.2300,-805.6600,-1.2200,-1.5200,1.2800,34.6900
2.156000,484,5055370,-194.3400,-533.6900,-812.9900,-2.8000,-1.2800,2.6800,34.6900
2.156000,485,5059874,-196.7800,-531.7400,-811.5200,-3.3500,-0.7900,3.1700,34.7400
2.172000,486,5064379,-194.8200,-534.6700,-815.9200,-3.4800,-0.9100,3.2300,34.5000
2.172000,487,5068887,-194.8200,-534.6700,-818.3600,-3.3500,-0.8500,3.1700,34.8800
2.172000,488,5073399,-193.8500,-533.6900,-813.4800,-3.0500,-1.4600,3.6600,34.8800
2.172000,489,5077903,-196.2900,-537.1100,-811.5200,-2.2600,-2.1300,4.2100,34.6900
2.187000,490,5082411,-196.7800,-539.5500,-806.6400,-1.8300,-2.9300,4.8800,34.8800
2.187000,491,5086912,-195.8000,-539.0600,-809.5700,-0.8500,-3.1700,5.2400,34.5500
2.187000,492,5091423,-192.3800,-538.0900,-808.1100,0.7300,-3.4800,5.1200,34.6400
2.203000,493,5095792,-195.3100,-542.4800,-811.0400,2.7400,-4.0900,4.5100,34.6400
2.203000,494,5100155,-195.8000,-547.8500,-812.9900,4.2700,-4.5100,3.9000,34.7400
2.203000,495,5104517,-199.7100,-548.8300,-813.4800,6.2200,-4.0900,2.9300,34.6900
2.203000,496,5108876,-193.3600,-555.6600,-815.4300,7.2600,-4.2100,2.0700,34.6400
2.219000,497,5113236,-188.4800,-554.2000,-809.5700,7.9300,-4.0900,2.3200,34.5000
2.219000,498,5117592,-193.8500,-553.7100,-812.0100,7.8700,-4.1500,2.8000,34.6400
2.219000,499,5121961,-192.8700,-560.0600,-805.6600,7.9300,-4.1500,2.9900,34.9300
2.234000,500,5126322,-188.4800,-562.0100,-801.7600,7.0100,-4.7000,3.5400,34.6400
2.234000,501,5130682,-193.8500,-557.6200,-800.7800,6.4000,-4.8200,3.9000,34.6900
2.234000,502,5135043,-198.2400,-568.8500,-798.3400,5.1800,-4.7000,3.4800,34.5500
2.234000,503,5139403,-187.0100,-585.4500,-806.1500,4.0900,-4.3300,2.7400,34.6400
2.250000,504,5143762,-189.9400,-592.7700,-809.0800,4.0200,-3.7800,2.2600,34.6900
2.250000,505,5148126,-189.4500,-593.7500,-815.4300,4.8800,-3.1100,1.9500,34.8800
2.250000,506,5152484,-196.7800,-584.4700,-802.2500,5.4300,-2.8700,2.0700,34.6400
2.250000,507,5156850,-200.2000,-573.7300,-796.8700,5.0000,-3.1100,2.2000,34.5000
2.265000,508,5161206,-204.1000,-573.7300,-801.7600,4.2700,-3.2300,1.7700,34.5000
2.265000,509,5165565,-204.5900,-576.1700,-796.3900,3.1700,-3.2900,1.6500,34.8800
2.265000,510,5169927,-197.2700,-582.0300,-799.8000,2.4400,-3.6000,1.4600,34.6900
2.281000,511,5174295,-197.7500,-582.5200,-801.2700,1.9500,-3.5400,1.3400,34.6400
2.281000,512,5178650,-196.7800,-583.5000,-801.7600,1.4000,-3.7800,1.3400,34.7400
2.281000,513,5183014,-195.3100,-584.4700,-802.2500,0.9100,-3.3500,1.4600,34.5500
2.281000,514,5187378,-190.4300,-584.9600,-807.1300,0.3000,-2.6200,2.2000,34.6400
2.297000,515,5191742,-195.3100,-583.5000,-809.5700,-0.7300,-1.6500,2.4400,34.6900
2.297000,516,5196250,-197.7500,-580.0800,-809.5700,-1.2800,-1.3400,2.6200,34.6400
2.297000,517,5200755,-203.1200,-583.0100,-812.5000,-1.2800,-0.9800,2.4400,34.8800
2.312000,518,5205263,-195.8000,-579.5900,-814.4500,-1.2200,-1.1600,2.1300,34.7400
2.312000,519,5209770,-194.8200,-574.2200,-806.1500,-1.1600,-1.0400,1.7700,34.6400
2.312000,520,5214271,-191.4100,-575.6800,-802.2500,-1.3400,-1.5900,1.7700,34.6400
2.312000,521,5218769,-194.3400,-578.1200,-803.2200,-1.9500,-1.5900,2.2600,34.8300
2.328000,522,5223334,-195.8000,-586.4300,-812.0100,-1.5200,-1.1600,2.0100,34.9300
2.328000,523,5227889,-196.7800,-584.4700,-814.9400,-0.9800,-0.8500,1.5900,34.9300
2.328000,524,5232410,-198.2400,-582.0300,-820.8000,0.5500,-1.2800,1.4000,34.6400
2.344000,525,5236783,-196.7800,-577.1500,-819.3400,1.8300,-1.5200,0.4900,34.6900
2.344000,526,5241150,-197.7500,-577.1500,-817.3800,2.8700,-1.7100,-0.1200,34.6400
2.344000,527,5245652,-196.7800,-578.6100,-817.8700,3.3500,-2.0100,-0.7300,34.6400
2.344000,528,5250166,-200.6800,-576.1700,-813.9600,3.4800,-2.3800,-0.8500,34.9300
2.359000,529,5254666,-205.5700,-573.7300,-807.1300,3.2900,-3.1100,-1.2800,34.8800
2.359000,530,5259172,-197.2700,-576.6600,-806.6400,2.5600,-3.4100,-1.5200,34.6400
2.359000,531,5263675,-191.4100,-574.2200,-805.1800,1.3400,-3.4100,-1.2200,34.7400
2.375000,532,5268173,-191.4100,-574.2200,-807.1300,0.0000,-3.1100,-0.6100,34.6900
2.375000,533,5272666,-189.9400,-569.3400,-810.0600,-2.0100,-2.5000,0.3000,34.6900
2.375000,534,5277186,-204.5900,-566.8900,-812.5000,-3.1700,-2.2600,1.4600,34.4000
2.375000,535,5281691,-207.0300,-570.8000,-814.4500,-3.7800,-1.6500,2.0100,34.8300
2.390000,536,5286191,-208.5000,-569.8200,-814.9400,-4.2100,-1.3400,1.6500,34.6400
2.390000,537,5290684,-207.5200,-567.8700,-819.8200,-4.2100,-0.7900,1.4600,34.8300
2.390000,538,5295190,-214.3600,-569.8200,-821.7800,-3.7800,-0.6100,0.9800,34.6400
2.406000,539,5299691,-213.8700,-571.2900,-815.9200,-2.9300,-0.6100,0.1200,34.6400
2.406000,540,5304201,-204.5900,-564.9400,-812.5000,-2.8000,-0.9100,-0.0600,34.7400
2.406000,541,5308707,-207.0300,-556.6400,-807.6200,-2.5000,-1.1000,-0.0600,34.9300
2.406000,542,5313227,-211.4300,-558.1100,-810.5500,-2.8000,-1.6500,0.6100,35.0300
2.422000,543,5317724,-204.5900,-556.1500,-811.0400,-3.6000,-2.3200,1.0400,34.5500
2.422000,544,5322227,-206.0500,-558.1100,-816.4100,-3.8400,-2.9300,1.6500,34.6400
2.422000,545,5326721,-213.8700,-560.5500,-820.3100,-3.8400,-3.0500,1.8300,34.6400
2.437000,546,5331219,-209.4700,-565.4300,-822.7500,-3.3500,-2.9300,2.4400,34.6900
2.437000,547,5335716,-209.9600,-558.5900,-818.8500,-2.5600,-2.7400,3.1100,34.6400
2.437000,548,5340217,-211.4300,-552.7300,-819.8200,-2.0100,-2.4400,3.4100,34.3600
2.453000,549,5344714,-214.3600,-556.6400,-818.3600,-1.5900,-2.1300,2.9300,34.6400
2.453000,550,5349214,-218.2600,-566.8900,-832.5200,-0.4900,-1.2200,2.0100,34.6400
2.453000,551,5353715,-219.2400,-569.8200,-829.5900,1.0400,-0.6100,1.1600,34.9300
2.453000,552,5358084,-214.3600,-571.7800,-821.2900,2.1300,-0.4900,-0.1800,34.6400
2.469000,553,5362586,-211.9100,-568.3600,-807.1300,2.9300,-0.9800,-0.6700,34.8800
2.469000,554,5367091,-205.0800,-563.4800,-800.2900,2.5600,-1.2800,-0.3700,34.6400
2.469000,555,5371602,-204.5900,-572.2700,-791.0200,1.4000,-1.5900,-0.4900,34.5500
2.469000,556,5376104,-201.1700,-566.8900,-788.5700,0.0600,-1.7700,-0.3000,34.6400
2.484000,557,5380614,-194.8200,-563.9600,-781.2500,-1.1600,-2.0700,0.2400,34.8800
2.484000,558,5385128,-193.8500,-557.6200,-783.2000,-1.8300,-2.1300,0.6700,34.5000
2.484000,559,5389640,-198.2400,-575.2000,-795.4100,-2.2000,-1.7700,0.5500,34.8800
2.500000,560,5394147,-202.1500,-590.3300,-807.1300,-1.5900,-1.1000,-0.6100,34.9300
2.500000,561,5398654,-202.1500,-592.7700,-816.4100,0.1800,-0.0600,-1.8300,34.4000
2.500000,562,5403159,-203.6100,-578.1200,-809.0800,1.8300,0.2400,-1.8300,34.6400
2.515000,563,5407581,-201.1700,-563.4800,-799.3200,3.7200,0.4300,-1.5200,34.5000
2.515000,564,5411998,-198.2400,-557.1300,-796.3900,4.3300,0.5500,-1.4000,34.6400
2.515000,565,5416380,-213.3800,-557.1300,-793.9500,3.9600,-0.2400,-1.7700,34.6900
2.515000,566,5420885,-207.0300,-563.9600,-796.8700,3.7200,-0.8500,-2.6800,34.5000
2.531000,567,5425400,-201.6600,-564.9400,-795.9000,3.1700,-1.6500,-3.0500,34.6900
2.531000,568,5429907,-195.8000,-563.4800,-791.0200,2.5600,-1.9500,-3.0500,34.6400
2.531000,569,5434415,-189.4500,-570.8000,-786.1300,0.7900,-2.6800,-2.2000,34.8800
2.547000,570,5438927,-193.3600,-571.7800,-785.6400,-1.2200,-2.6800,-0.5500,34.6400
2.547000,571,5443439,-198.2400,-566.4100,-788.5700,-3.3500,-2.4400,0.9100,34.6900
2.547000,572,5447958,-200.2000,-564.4500,-791.9900,-5.5500,-2.2600,2.0700,34.7400
2.547000,573,5452464,-201.1700,-560.5500,-791.5000,-7.2600,-1.8900,2.2000,34.6900
2.562000,574,5456973,-205.0800,-560.0600,-799.3200,-7.9900,-1.4600,1.8900,34.6400
2.562000,575,5461476,-204.5900,-563.4800,-792.4800,-7.6800,-0.8500,1.4000,34.5000
2.562000,576,5465981,-203.1200,-562.9900,-793.9500,-6.5200,-0.6100,1.2200,34.5000
2.578000,577,5470484,-199.7100,-559.5700,-796.8700,-5.7300,-0.0600,1.5900,34.8800
2.578000,578,5474997,-206.0500,-565.4300,-799.3200,-4.4500,0.2400,1.6500,34.6400
2.578000,579,5479374,-204.1000,-562.0100,-805.1800,-3.3500,0.4900,2.0100,34.9300
2.578000,580,5483747,-203.6100,-562.0100,-813.9600,-1.4600,0.5500,1.9500,34.8800
2.594000,581,5488120,-208.5000,-565.9200,-816.4100,0.4900,0.4300,1.4600,34.5500
2.594000,582,5492492,-206.0500,-570.8000,-818.3600,2.4400,-0.1200,0.4300,34.6400
2.594000,583,5496865,-207.5200,-564.9400,-821.2900,4.0200,-0.9100,-0.3000,34.7400
2.609000,584,5501375,-204.1000,-568.8500,-815.4300,4.8200,-0.8500,-0.6100,34.5500
2.609000,585,5505873,-205.5700,-565.9200,-807.6200,5.0000,-1.5900,-0.6700,34.7400
2.609000,586,5510379,-205.0800,-566.4100,-793.4600,4.0200,-2.2000,-0.6700,34.6400
2.609000,587,5514884,-206.5400,-561.5200,-781.7400,2.4400,-2.5000,-0.1800,34.6900
2.625000,588,5519394,-202.6400,-565.9200,-777.8300,-0.4300,-2.3800,-0.0600,34.6400
2.625000,589,5523908,-197.7500,-566.8900,-781.7400,-3.7800,-2.4400,0.3000,34.5500
2.625000,590,5528427,-197.2700,-562.0100,-785.6400,-6.0400,-1.8900,1.4600,34.7400
2.640000,591,5532936,-197.7500,-565.4300,-789.5500,-7.6200,-1.2200,2.4400,34.6400
2.640000,592,5537447,-207.5200,-572.2700,-799.8000,-8.4100,-0.5500,2.6200,34.8300
2.640000,593,5541960,-202.6400,-568.8500,-813.9600,-7.9300,-0.1200,2.3200,34.5500
2.640000,594,5546465,-208.9800,-566.8900,-818.3600,-6.3400,0.4900,1.7100,34.5000
2.656000,595,5550841,-210.9400,-567.3800,-817.3800,-4.3300,0.8500,0.9100,34.6900
2.656000,596,5555210,-211.4300,-567.3800,-821.2900,-2.3800,0.6700,0.0600,34.4000
2.656000,597,5559582,-207.5200,-563.4800,-823.7300,-0.2400,0.9800,-0.1200,34.6400
2.672000,598,5564092,-205.5700,-558.5900,-816.4100,1.9500,0.7300,-0.3700,34.6900
2.672000,599,5568473,-209.4700,-562.9900,-814.9400,3.4800,-0.0600,-0.7900,34.5500
2.672000,600,5572986,-207.0300,-566.8900,-813.4800,4.3300,-0.7300,-1.1000,34.5500
2.672000,601,5577494,-207.0300,-568.8500,-806.1500,4.7600,-1.3400,-1.1000,35.0300
2.687000,602,5581996,-200.6800,-570.8000,-803.7100,4.2700,-1.8300,-1.2800,34.6400
2.687000,603,5586499,-204.1000,-575.2000,-795.4100,2.4400,-2.0700,-0.9800,34.8800
2.687000,604,5591001,-199.2200,-569.8200,-797.3600,0.6100,-1.7700,-0.0600,34.6900
2.703000,605,5595508,-195.8000,-576.6600,-793.4600,-1.1600,-1.4000,0.4900,34.5000
2.703000,606,5600017,-198.7300,-572.7500,-799.8000,-3.3500,-0.7900,0.8500,34.6400
2.703000,607,5604529,-195.8000,-575.2000,-803.2200,-5.0000,0.0600,1.1600,34.6900
2.703000,608,5608913,-204.1000,-571.7800,-808.5900,-5.2400,0.6700,1.1600,34.6900
2.719000,609,5613291,-198.7300,-562.9900,-808.5900,-5.2400,0.6700,1.1600,34.6900
2.719000,610,5617666,-196.7800,-561.5200,-798.8300,-5.0600,0.7900,1.4600,34.6900
2.719000,611,5622038,-199.7100,-565.9200,-798.3400,-4.4500,1.1600,1.3400,34.6900
2.719000,612,5626408,-205.5700,-568.8500,-798.8300,-4.4500,1.1600,0.3700,34.6400
2.734000,613,5630778,-202.1500,-568.8500,-801.2700,-2.9300,0.8500,-0.3700,34.7400
2.734000,614,5635279,-198.7300,-563.9600,-801.7600,-1.5900,0.4900,-0.7900,34.6400
2.734000,615,5639788,-197.2700,-567.3800,-801.2700,0.3700,-0.0600,-0.7900,35.0700
2.750000,616,5644303,-201.1700,-562.9900,-808.5900,1.2800,-0.4900,-0.7300,34.4000
2.750000,617,5648815,-199.2200,-563.9600,-798.3400,2.0100,-0.9800,-0.5500,34.4000
2.750000,618,5653321,-200.2000,-559.5700,-794.9200,2.7400,-1.2800,-0.7300,34.6400
2.765000,619,5657833,-199.7100,-559.5700,-797.3600,2.9300,-1.8300,-1.2200,34.6400
2.765000,620,5662347,-203.6100,-567.3800,-800.2900,2.9300,-1.7100,-1.7700,34.9300
2.765000,621,5666850,-202.6400,-586.4300,-809.5700,3.2300,-0.9100,-2.5000,34.5500
2.765000,622,5671355,-204.5900,-578.1200,-812.9900,3.9600,-0.3700,-2.8700,34.6400
2.781000,623,5675919,-208.9800,-565.4300,-811.0400,4.2700,0.3700,-2.5000,34.6900
2.781000,624,5680351,-206.5400,-556.6400,-813.4800,3.4100,0.3000,-2.0100,35.0300
2.781000,625,5684730,-209.9600,-557.1300,-812.9900,2.1300,0.6100,-1.9500,34.6400
2.797000,626,5689109,-208.5000,-555.6600,-806.1500,0.8500,0.4300,-1.4600,34.5000
2.797000,627,5695816,-208.0100,-550.2900,-793.4600,-0.2400,-0.0600,-1.0400,34.7400
2.797000,628,5700335,-198.2400,-551.2700,-788.5700,-2.6200,-0.7900,-1.0400,34.7400
2.812000,629,5704847,-190.4300,-547.8500,-795.9000,-4.7000,-1.1000,-0.2400,34.6900
2.812000,630,5709366,-195.8000,-555.6600,-800.7800,-6.1000,-0.9100,1.1000,34.9300
2.812000,631,5713869,-198.2400,-557.6200,-806.1500,-7.0100,-0.6700,2.2600,34.6400
2.812000,632,5718390,-207.0300,-560.0600,-814.9400,-7.9900,-0.6100,3.4100,34.5500
2.828000,633,5722895,-205.5700,-555.6600,-813.9600,-7.5600,-0.2400,3.8400,34.7400
2.828000,634,5727411,-205.5700,-558.1100,-817.8700,-6.4600,0.0600,3.2900,34.6900
2.828000,635,5731788,-200.2000,-558.5900,-812.5000,-4.8800,0.1800,2.1300,34.6900
2.844000,636,5736170,-201.6600,-555.1800,-807.6200,-2.7400,-0.1800,1.4600,34.9300
2.844000,637,5740672,-201.6600,-559.0800,-805.6600,-0.7300,-0.5500,0.8500,34.6900
2.844000,638,5745184,-201.1700,-560.0600,-803.2200,0.8500,-1.2200,0.8500,34.6400
2.844000,639,5749551,-198.2400,-560.0600,-804.2000,1.5900,-1.6500,0.7300,34.5500
2.859000,640,5753933,-200.2000,-561.5200,-807.1300,2.6800,-1.8300,1.2200,34.7400
2.859000,641,5758307,-202.1500,-565.4300,-813.9600,3.3500,-2.2000,1.1000,34.9300
2.859000,642,5762673,-201.6600,-567.3800,-816.4100,4.1500,-2.6800,0.6100,34.9300
2.875000,643,5767043,-202.6400,-570.8000,-817.3800,4.8800,-2.8700,0.6100,34.6900
2.875000,644,5771412,-204.5900,-567.8700,-807.1300,4.8200,-2.8700,0.4900,34.5500
2.875000,645,5775790,-199.2200,-565.4300,-809.5700,4.6300,-2.9300,0.0000,34.7400
2.875000,646,5780162,-196.7800,-563.9600,-810.0600,3.4100,-2.8000,0.3700,34.7400
2.890000,647,5784548,-208.0100,-562.9900,-805.1800,2.2000,-2.5600,0.4300,34.6400
2.890000,648,5788926,-202.6400,-565.9200,-801.7600,0.0600,-2.3200,1.0400,34.9300
2.890000,649,5793310,-198.2400,-558.1100,-800.2900,-1.7100,-2.1300,1.9500,34.6900
2.890000,650,5797817,-204.1000,-564.4500,-802.7300,-3.2900,-1.7700,2.0700,34.6900
2.906000,651,5802322,-205.0800,-572.7500,-801.7600,-4.4500,-1.4600,2.3800,34.6400
2.906000,652,5806821,-204.1000,-573.2400,-803.2200,-5.0000,-1.6500,2.1300,35.0700
2.906000,653,5811318,-202.1500,-574.2200,-806.6400,-4.9400,-1.3400,1.8900,34.6400
2.922000,654,5815816,-202.6400,-566.4100,-798.8300,-4.5100,-1.3400,2.3800,34.8800
2.922000,655,5820316,-205.0800,-561.0400,-804.6900,-3.7200,-1.3400,2.9300,34.6400
2.922000,656,5824815,-204.1000,-567.3800,-807.6200,-2.7400,-1.4000,2.9300,34.6900
2.922000,657,5829316,-205.5700,-568.3600,-812.0100,0.4300,-1.3400,1.3400,34.9300
2.937000,658,5833682,-210.4500,-570.3100,-814.9400,0.4300,-1.3400,1.3400,34.9300
2.937000,659,5838055,-206.0500,-577.1500,-811.0400,3.9600,-2.2000,-0.8500,34.9300
2.937000,660,5842563,-205.0800,-575.6800,-808.1100,5.8500,-2.1300,-1.9500,34.7400
2.953000,661,5847069,-205.5700,-568.3600,-799.3200,5.6100,-2.8000,-1.7100,34.6400
2.953000,662,5851570,-199.2200,-566.8900,-791.0200,4.2700,-3.2300,-1.1000,34.7400
2.953000,663,5856070,-199.7100,-560.0600,-789.0600,2.6800,-2.8000,0.0600,34.5000
2.969000,664,5860440,-199.2200,-565.4300,-789.5500,1.1000,-2.6800,0.6100,34.6400
2.969000,665,5864813,-205.5700,-567.8700,-790.5300,-0.3000,-2.5600,0.6700,34.5500
2.969000,666,5869327,-205.0800,-570.3100,-795.4100,-1.2800,-2.6200,1.1000,34.8300
2.969000,667,5873835,-205.0800,-571.2900,-797.8500,-2.2000,-2.2600,1.4600,34.6400
2.984000,668,5878347,-203.1200,-562.9900,-801.2700,-3.1100,-1.8300,1.8300,34.7400
2.984000,669,5882844,-208.0100,-562.0100,-805.1800,-4.0900,-1.3400,2.5000,34.6900
2.984000,670,5887344,-208.5000,-566.4100,-811.0400,-4.8200,-0.5500,3.1100,34.6400
2.984000,671,5891847,-212.8900,-568.3600,-820.3100,-4.2100,-0.3700,2.8700,34.9300
3.000000,672,5896355,-214.3600,-572.7500,-818.3600,-3.1700,-0.3700,1.5900,34.6400
3.000000,673,5900861,-209.4700,-571.7800,-818.3600,-1.4000,-0.8500,1.0400,34.7400
3.000000,674,5905368,-208.9800,-567.8700,-811.5200,0.0000,-1.2200,1.0400,34.7400
3.015000,675,5909808,-206.0500,-569.8200,-808.1100,0.8500,-1.8900,1.0400,34.7400
3.015000,676,5914200,-202.6400,-569.8200,-803.7100,0.7300,-2.2000,0.9800,34.7400
3.015000,677,5918566,-206.0500,-562.5000,-796.3900,0.7300,-2.3800,1.1600,34.7400
3.015000,678,5922942,-207.0300,-568.8500,-795.4100,0.1800,-2.6200,1.1600,34.6400
3.031000,679,5927323,-200.2000,-571.7800,-799.3200,-0.1200,-2.8000,0.8500,34.6400
3.031000,680,5931831,-202.6400,-577.1500,-807.1300,0.2400,-2.3800,0.8500,34.6900
3.031000,681,5936197,-203.6100,-577.6400,-804.6900,0.1800,-2.3800,0.9100,34.6900
3.047000,682,5940568,-207.5200,-575.2000,-807.1300,0.4900,-1.7700,0.7900,34.7400
3.047000,683,5944939,-206.5400,-571.2900,-807.1300,0.4300,-1.5900,0.3000,34.6900
3.047000,684,5949318,-206.5400,-572.2700,-803.2200,0.3000,-0.9800,-0.1200,34.7400
3.047000,685,5953818,-203.6100,-567.3800,-799.8000,0.1800,-0.6100,-0.3000,34.7400
3.062000,686,5958329,-208.5000,-559.5700,-789.5500,-0.1200,-0.9100,-0.1800,34.5500
3.062000,687,5962835,-203.6100,-560.5500,-787.1100,-0.6700,-1.1600,-0.3700,34.7400
3.062000,688,5967353,-208.0100,-560.0600,-788.5700,-1.2200,-1.1600,-0.4300,34.8800
3.078000,689,5971858,-204.5900,-560.0600,-785.6400,-1.7700,-1.4000,0.0600,34.5000
3.078000,690,5976375,-200.2000,-556.6400,-791.0200,-1.9500,-1.5900,0.7300,34.9300
3.078000,691,5980880,-206.5400,-562.9900,-793.4600,-1.5200,-1.3400,1.2800,34.6400
3.094000,692,5985386,-211.4300,-566.8900,-799.3200,-1.1000,-1.1600,1.2200,34.7400
3.094000,693,5989881,-210.9400,-574.2200,-808.1100,0.1800,-0.5500,0.1800,34.7400
3.094000,694,5994247,-210.4500,-576.1700,-815.4300,1.5200,0.0600,-0.4300,34.6400
3.094000,695,5998620,-204.1000,-575.6800,-803.7100,3.1100,-0.1200,-1.0400,34.7400
3.109000,696,6003132,-205.0800,-569.8200,-805.6600,4.3300,0.0600,-1.8300,34.6400
3.109000,697,6007505,-204.5900,-568.8500,-807.1300,4.7000,-0.2400,-1.9500,34.6400
3.109000,698,6012013,-201.6600,-569.3400,-808.1100,4.2700,-0.7300,-1.3400,34.6400
3.109000,699,6016518,-209.9600,-569.3400,-807.6200,3.8400,-1.1000,-0.4900,34.8300
3.125000,700,6021025,-210.9400,-562.0100,-803.7100,2.9900,-1.1600,0.2400,34.9300
3.125000,701,6025394,-209.9600,-556.1500,-797.3600,1.7700,-1.7700,0.9100,34.7400
3.125000,702,6029768,-210.4500,-560.5500,-794.4300,0.9100,-2.0700,1.2800,35.0300
3.140000,703,6034139,-210.4500,-562.9900,-791.5000,-0.7900,-2.1300,1.6500,34.8800
3.140000,704,6038645,-212.8900,-567.3800,-794.9200,-2.1300,-1.5200,1.7100,34.5500
3.140000,705,6043153,-207.5200,-569.3400,-798.3400,-3.5400,-1.4600,1.5200,34.9300
3.140000,706,6047650,-201.6600,-568.3600,-800.7800,-4.7600,-0.8500,2.2000,34.8800
3.156000,707,6052159,-203.6100,-568.3600,-808.1100,-4.7600,-0.3000,2.9900,34.8800
3.156000,708,6056657,-202.6400,-583.9800,-815.9200,-4.8200,-0.4300,2.5600,34.5000
3.156000,709,6061169,-210.9400,-591.3100,-820.3100,-4.1500,-0.3700,2.3200,34.5000
3.172000,710,6065668,-202.6400,-582.5200,-812.5000,-2.3800,-0.5500,1.4600,34.4000
3.172000,711,6070178,-197.7500,-577.1500,-804.2000,-1.2200,-0.6700,1.8300,34.6400
3.172000,712,6074676,-200.6800,-574.2200,-803.7100,-0.6100,-1.2800,1.7100,34.6400
3.172000,713,6079184,-214.3600,-578.1200,-797.8500,0.0000,-1.7700,2.1300,34.7400
3.187000,714,6083613,-216.8000,-575.6800,-799.8000,0.6700,-1.8900,1.6500,34.6400
3.187000,715,6088035,-216.3100,-578.1200,-802.2500,1.7700,-2.3800,0.2400,34.6400
3.187000,716,6092469,-211.4300,-580.5700,-807.6200,2.4400,-2.2000,-0.7300,34.6400
3.203000,717,6097005,-211.4300,-584.4700,-809.0800,3.5400,-1.8900,-0.9800,34.6900
3.203000,718,6101509,-214.8400,-582.0300,-806.1500,3.6600,-1.5200,-1.1000,34.6400
3.203000,719,6106008,-215.8200,-582.5200,-810.0600,2.6800,-1.4000,-0.9100,34.6400
3.203000,720,6110509,-218.2600,-574.7100,-814.9400,1.8300,-0.8500,-0.5500,34.6900
3.219000,721,6115010,-216.8000,-571.2900,-810.0600,0.4900,-0.6700,-0.6100,34.7400
3.219000,722,6119514,-214.3600,-575.6800,-806.1500,-1.1600,-0.6100,-1.1000,34.5500
3.219000,723,6124012,-208.5000,-570.3100,-799.8000,-2.9300,-0.4300,-0.1800,34.7400
3.234000,724,6128526,-208.0100,-579.1000,-797.8500,-4.2700,-0.1800,0.1200,34.9300
3.234000,725,6133026,-210.4500,-578.6100,-794.4300,-5.7300,0.0600,-0.3700,34.8800
3.234000,726,6137540,-207.0300,-569.8200,-788.0900,-7.1300,0.0000,-0.1200,34.5500
3.250000,727,6142052,-208.9800,-557.6200,-780.7600,-8.0500,0.3700,0.6100,34.4000
3.250000,728,6146430,-205.0800,-551.2700,-787.6000,-8.7200,0.6100,1.4000,34.7400
3.250000,729,6150802,-214.3600,-556.6400,-792.9700,-9.3900,0.5500,1.8900,34.6400
3.250000,730,6155172,-213.8700,-558.1100,-796.3900,-8.2300,0.6100,1.4600,34.6400
3.265000,731,6159536,-211.9100,-558.1100,-796.3900,-6.1600,0.8500,0.9100,34.7400
3.265000,732,6163912,-206.5400,-550.7800,-795.9000,-4.3300,0.4900,-0.3700,34.6400
3.265000,733,6168418,-205.5700,-558.1100,-797.8500,-2.5000,0.6100,-0.4900,34.8800
3.281000,734,6172928,-214.3600,-559.5700,-796.3900,-0.7300,0.7900,-1.0400,34.5500
3.281000,735,6177436,-210.9400,-563.4800,-800.7800,0.9100,0.1800,-1.7100,34.6400
3.281000,736,6181813,-209.4700,-554.2000,-799.3200,1.6500,-0.0600,-1.3400,35.0700
3.281000,737,6186323,-207.0300,-560.0600,-797.3600,2.1300,-0.3700,-0.6700,34.7400
3.297000,738,6190835,-213.8700,-556.6400,-803.2200,2.5600,-0.1200,-1.0400,34.9300
3.297000,739,6195340,-212.4000,-562.9900,-813.4800,2.5600,-0.5500,-1.6500,34.7400
3.297000,740,6199849,-208.0100,-569.8200,-808.1100,2.8700,-0.4900,-2.2600,34.7400
3.312000,741,6204354,-208.9800,-566.8900,-808.1100,2.7400,-0.6700,-2.7400,34.4000
3.312000,742,6208866,-213.8700,-567.3800,-801.7600,1.4600,-0.9800,-3.1100,34.6400
3.312000,743,6213377,-207.0300,-564.4500,-807.1300,-0.1200,-0.8500,-2.4400,34.9300
3.312000,744,6217893,-202.1500,-569.8200,-805.6600,-2.0700,-0.2400,-1.7700,34.6400
3.328000,745,6222410,-202.6400,-564.4500,-807.6200,-3.6000,-0.1200,-0.7900,34.7400
3.328000,746,6226924,-206.5400,-561.5200,-810.5500,-4.7000,-0.7300,0.4900,34.8800
3.328000,747,6231432,-211.4300,-562.0100,-812.9900,-5.0000,-0.5500,0.8500,34.5500
3.344000,748,6235940,-213.8700,-558.5900,-814.9400,-5.4300,-0.4300,0.7300,34.9300
3.344000,749,6240446,-208.0100,-560.0600,-819.8200,-5.3700,-0.2400,0.3700,34.7400
3.344000,750,6244960,-205.5700,-556.1500,-819.8200,-4.9400,0.2400,0.6100,34.6900
3.344000,751,6249331,-211.9100,-557.6200,-822.2700,-4.3300,0.1800,0.6700,34.7400
3.359000,752,6253702,-214.8400,-563.4800,-827.6400,-3.3500,-0.3700,1.0400,34.7400
3.359000,753,6258203,-205.5700,-565.4300,-825.6800,-1.7100,-0.4300,1.1000,34.6400
3.359000,754,6262703,-199.2200,-562.9900,-823.7300,0.0000,-0.0600,1.2200,34.6400
3.375000,755,6267090,-199.2200,-566.4100,-810.0600,1.7100,-0.0600,0.6700,34.5500
3.375000,756,6271473,-202.1500,-565.9200,-805.6600,2.6800,-0.6700,0.1200,34.4000
3.375000,757,6275844,-204.1000,-571.2900,-798.8300,3.3500,-1.0400,-0.2400,34.5000
3.375000,758,6280357,-203.1200,-573.7300,-802.7300,3.4800,-1.3400,-0.6700,34.4000
3.390000,759,6284865,-206.5400,-572.2700,-793.4600,3.3500,-1.7100,-0.9100,34.8300
3.390000,760,6289375,-200.6800,-569.8200,-789.5500,2.9900,-1.9500,-0.1800,34.8800
3.390000,761,6293881,-200.6800,-567.8700,-788.5700,2.0100,-1.5200,0.3000,34.6900
3.406000,762,6298252,-204.1000,-570.3100,-788.5700,1.2800,-1.8300,0.1800,34.9300
3.406000,763,6302618,-199.7100,-570.3100,-789.0600,0.4900,-1.5900,0.0000,34.7400
3.406000,764,6307004,-200.6800,-568.3600,-793.9500,-0.1200,-1.4000,-0.2400,34.9300
3.406000,765,6311515,-204.1000,-571.2900,-797.3600,-0.9100,-1.2800,-0.6100,34.6400
3.422000,766,6316023,-196.2900,-573.2400,-790.0400,-2.1300,-1.4000,-0.4300,34.8800
3.422000,767,6320529,-199.7100,-572.2700,-789.5500,-2.7400,-1.5200,0.7300,34.6900
3.422000,768,6325037,-201.6600,-567.8700,-794.4300,-3.7800,-1.5900,1.1600,34.4000
3.437000,769,6329539,-203.6100,-563.9600,-797.3600,-4.3300,-1.4000,1.5900,34.9300
3.437000,770,6334040,-206.5400,-561.0400,-804.2000,-4.7000,-1.2800,1.8300,35.0700
3.437000,771,6338535,-209.9600,-562.5000,-804.2000,-4.5100,-0.9800,1.7100,34.9300
3.437000,772,6343033,-206.5400,-561.0400,-802.7300,-4.0200,-0.8500,1.2800,34.7400
3.453000,773,6347533,-207.0300,-561.5200,-803.2200,-3.7200,-0.9800,0.7900,34.6400
3.453000,774,6352039,-204.5900,-566.4100,-801.7600,-2.6800,-0.7300,0.4900,34.4000
3.453000,775,6356540,-204.1000,-562.0100,-795.9000,-2.2000,-0.9100,0.5500,34.7400
3.469000,776,6361051,-204.5900,-560.0600,-796.3900,-1.8300,-1.2800,0.7900,34.8300
3.469000,777,6365552,-208.9800,-562.5000,-799.3200,-1.2200,-1.6500,0.6700,34.9300
3.469000,778,6370061,-210.4500,-563.4800,-805.6600,-0.6700,-1.4000,0.3000,34.6400
3.469000,779,6374567,-208.0100,-568.3600,-810.5500,-0.0600,-1.7100,0.1800,34.6400
3.484000,780,6379080,-208.0100,-569.3400,-816.8900,1.1600,-1.9500,-0.1200,34.6900
3.484000,781,6383583,-209.4700,-565.4300,-814.4500,2.2000,-1.9500,-0.2400,34.9300
3.484000,782,6388094,-206.5400,-560.5500,-809.5700,2.5000,-1.9500,-0.6700,34.9300
3.500000,783,6392602,-209.9600,-559.0800,-808.5900,2.3200,-2.1300,-0.3700,35.0300
3.500000,784,6397113,-208.0100,-557.1300,-803.7100,1.9500,-1.8900,-0.3000,34.7400
3.500000,785,6401613,-206.0500,-556.1500,-798.8300,0.9100,-2.0700,0.2400,34.6400
3.500000,786,6405992,-203.6100,-556.6400,-795.9000,0.3000,-2.5000,0.9100,34.9300
3.515000,787,6410367,-206.5400,-564.4500,-795.9000,-0.7300,-2.3800,1.4000,34.6400
3.515000,788,6414874,-211.9100,-556.6400,-792.9700,-1.5900,-2.2600,1.5200,34.6400
3.515000,789,6419378,-209.4700,-561.0400,-791.9900,-2.7400,-2.3200,2.0700,34.7400
3.531000,790,6423877,-217.7700,-566.8900,-802.7300,-3.9000,-2.0100,2.3800,34.9300
3.531000,791,6428382,-208.0100,-570.3100,-812.5000,-4.3900,-1.6500,2.5600,34.7400
3.531000,792,6432879,-211.4300,-573.7300,-812.0100,-4.2100,-1.5900,2.3800,34.8800
3.531000,793,6437376,-211.4300,-570.3100,-808.5900,-3.4100,-1.6500,2.5000,34.5000
3.547000,794,6441873,-206.0500,-565.4300,-804.6900,-2.8000,-1.7700,2.3800,34.6400
3.547000,795,6446376,-210.4500,-559.0800,-800.7800,-2.3200,-2.2000,2.3800,34.7400
3.547000,796,6450872,-208.0100,-560.5500,-800.7800,-2.2600,-2.1300,2.1300,34.7400
3.562000,797,6455371,-210.9400,-562.0100,-804.2000,-1.7100,-2.3800,2.3200,34.9300
3.562000,798,6459866,-213.3800,-558.1100,-803.2200,-1.7100,-2.2600,2.0700,34.5500
3.562000,799,6464370,-216.8000,-567.3800,-806.1500,-1.1000,-2.2000,2.2000,34.8300
3.562000,800,6468869,-213.3800,-569.3400,-817.3800,-0.4300,-1.8900,1.6500,34.7400
3.578000,801,6473374,-219.7300,-578.6100,-825.2000,0.9100,-1.7700,0.6700,34.7400
3.578000,802,6477740,-217.7700,-578.1200,-826.1700,2.2000,-1.4000,-0.3700,34.6900
3.578000,803,6482330,-215.3300,-571.2900,-818.3600,3.0500,-1.7700,-0.6700,34.6400
3.594000,804,6486872,-211.4300,-564.4500,-809.0800,2.9900,-1.9500,-1.1000,34.4000
3.594000,805,6491381,-212.4000,-557.1300,-799.3200,2.3200,-2.3200,-0.6100,34.7400
3.594000,806,6495885,-212.4000,-551.7600,-798.3400,0.9800,-2.8700,0.0000,34.6400
3.594000,807,6500259,-210.4500,-549.8000,-793.9500,-0.0600,-3.1700,0.8500,34.9300
3.609000,808,6504780,-214.8400,-555.1800,-784.6700,-1.3400,-3.1100,1.2800,34.9300
3.609000,809,6509287,-215.3300,-559.5700,-786.6200,-2.6800,-2.9900,1.3400,34.5000
3.609000,810,6513794,-211.9100,-558.1100,-792.9700,-3.4800,-2.8000,1.7700,34.7400
3.625000,811,6518295,-209.4700,-562.0100,-800.7800,-3.6600,-1.8300,2.1300,34.7400
3.625000,812,6522794,-211.4300,-565.4300,-800.7800,-3.2900,-1.1000,2.6800,34.5500
3.625000,813,6527290,-211.4300,-559.5700,-804.6900,-2.6200,-0.9100,3.0500,34.6400
3.640000,814,6531793,-216.3100,-567.8700,-805.6600,-1.5200,-0.4900,2.6800,34.7400
3.640000,815,6536298,-225.1000,-583.5000,-817.3800,0.4300,-0.3000,0.3000,34.5000
3.640000,816,6540667,-220.7000,-586.4300,-816.8900,2.7400,-0.3700,-1.9500,34.8800
3.640000,817,6545171,-216.8000,-577.6400,-808.5900,4.5100,-1.1600,-3.0500,34.7400
3.656000,818,6549669,-212.8900,-562.5000,-794.4300,5.2400,-1.2800,-2.2600,35.0700
3.656000,819,6554173,-212.4000,-559.5700,-790.5300,4.5700,-2.3200,-1.2800,34.6400
3.656000,820,6558666,-216.8000,-557.6200,-788.0900,3.0500,-2.7400,-0.8500,34.5000
3.656000,821,6563170,-219.2400,-556.6400,-792.4800,1.7100,-2.8700,-0.7300,34.5500
3.672000,822,6567669,-219.7300,-565.4300,-789.0600,0.1800,-2.8000,-0.6700,34.6900
3.672000,823,6572178,-210.9400,-567.3800,-797.8500,-1.4600,-2.8000,-0.0600,34.6400
3.672000,824,6576693,-208.5000,-570.3100,-801.7600,-2.7400,-1.8900,1.1000,34.7400
3.687000,825,6581196,-215.3300,-570.8000,-799.8000,-3.2300,-1.1000,2.0700,34.6400
3.687000,826,6585691,-220.7000,-568.8500,-803.2200,-4.1500,-0.3000,2.4400,34.6400
3.687000,827,6590203,-223.6300,-568.3600,-805.1800,-4.7000,0.5500,2.3800,34.4000
3.703000,828,6594567,-222.1700,-564.9400,-801.7600,-4.6300,1.2200,1.5900,34.7400
3.703000,829,6598934,-219.7300,-566.8900,-804.2000,-4.2700,1.1600,1.2200,34.8300
3.703000,830,6603302,-213.3800,-566.4100,-801.2700,-3.4800,1.1600,0.9800,35.0300
3.703000,831,6607663,-210.9400,-567.3800,-800.7800,-2.9300,1.0400,1.1600,34.6900
3.719000,832,6612031,-208.9800,-569.3400,-800.2900,-3.0500,0.6700,1.1600,34.6400
3.719000,833,6616405,-204.1000,-574.2200,-799.3200,-2.6800,0.3000,0.9800,34.4000
3.719000,834,6620773,-203.6100,-572.7500,-798.8300,-1.7700,0.4300,1.5900,34.7400
3.719000,835,6625140,-207.0300,-571.2900,-792.4800,-1.4000,0.0600,1.8900,34.4000
3.734000,836,6629512,-205.0800,-566.4100,-790.0400,-0.7300,0.0000,1.8300,34.6900
3.734000,837,6633896,-204.5900,-572.2700,-791.0200,-0.4300,0.0000,1.5200,34.7400
3.734000,838,6638283,-208.5000,-575.6800,-798.3400,0.7900,-0.1200,0.8500,34.6900
3.750000,839,6642655,-214.8400,-570.8000,-795.4100,1.5900,0.3000,-0.1800,34.6400
3.750000,840,6647023,-212.4000,-564.4500,-795.9000,2.4400,0.3700,-0.3700,34.6400
3.750000,841,6651394,-207.0300,-566.4100,-794.4300,2.6800,0.6100,-0.5500,34.8300
3.750000,842,6655767,-206.5400,-564.9400,-797.8500,2.6200,0.6700,-0.7900,34.8800
3.765000,843,6660140,-205.5700,-571.7800,-802.2500,1.8300,0.6100,-1.2200,34.6900
3.765000,844,6664507,-202.6400,-572.7500,-795.9000,1.0400,0.4900,-0.9800,34.8800
3.765000,845,6668882,-201.6600,-570.8000,-791.0200,0.1800,0.3000,-1.1000,34.7400
3.781000,846,6673246,-203.6100,-569.8200,-782.7100,-1.5200,-0.2400,-0.9100,34.6400
3.781000,847,6677764,-199.2200,-569.8200,-781.2500,-3.2900,-0.7300,-0.9100,34.7400
3.781000,848,6682278,-201.1700,-562.0100,-781.2500,-4.8800,-0.9100,0.0600,34.8300
3.781000,849,6686792,-202.1500,-562.5000,-780.2700,-7.1300,-0.6700,1.4600,34.7400
3.797000,850,6691296,-208.9800,-561.0400,-785.6400,-7.8700,-0.3700,2.3200,34.6400
3.797000,851,6695808,-207.5200,-562.0100,-799.3200,-8.1700,-0.3700,2.4400,34.5000
3.797000,852,6700319,-217.2900,-564.9400,-809.5700,-6.8900,0.4900,2.2600,35.0300
3.812000,853,6704690,-218.2600,-567.3800,-817.3800,-5.4300,0.9800,1.4600,34.6400
3.812000,854,6709060,-215.3300,-564.4500,-827.1500,-3.7800,1.6500,0.4900,34.8800
3.812000,855,6713432,-216.8000,-562.9900,-826.1700,-1.2200,2.2000,-0.1800,34.7400
3.812000,856,6717943,-215.8200,-558.5900,-831.5400,0.7300,2.0100,-0.8500,34.6900
3.828000,857,6722325,-219.7300,-561.5200,-827.1500,2.5000,1.7700,-1.8900,34.6900
3.828000,858,6726692,-219.7300,-565.4300,-823.7300,3.8400,0.6700,-2.4400,34.7400
3.828000,859,6731067,-215.8200,-561.5200,-813.4800,4.0200,-0.4300,-3.0500,34.6900
3.844000,860,6735574,-209.4700,-559.0800,-799.8000,3.4100,-1.2800,-2.6800,34.8800
3.844000,861,6740083,-203.1200,-556.1500,-799.3200,2.3200,-1.7100,-2.1300,34.6400
3.844000,862,6744580,-208.5000,-562.0100,-806.6400,0.8500,-1.9500,-1.5900,34.9300
3.844000,863,6749085,-211.4300,-560.0600,-805.6600,-0.8500,-1.7700,-0.8500,34.6900
3.859000,864,6753586,-208.9800,-559.0800,-806.1500,-1.5200,-1.4600,0.0600,34.8800
3.859000,865,6758104,-209.4700,-559.0800,-816.8900,-2.6800,-0.6100,0.7900,34.6400
3.859000,866,6762611,-213.8700,-560.5500,-825.2000,-3.0500,0.6100,0.0000,34.5500
3.875000,867,6766998,-206.5400,-561.0400,-822.2700,-2.5000,1.1000,0.0600,35.0700
3.875000,868,6771380,-209.9600,-546.8800,-810.5500,-1.6500,1.6500,0.4300,34.8800
3.875000,869,6775816,-204.1000,-547.3600,-802.2500,-1.0400,1.5200,0.3700,34.5500
3.875000,870,6780219,-208.0100,-549.3200,-790.5300,-0.7900,1.0400,0.0000,34.7400
3.890000,871,6784613,-207.5200,-553.7100,-789.0600,-0.9100,0.4300,-0.4900,34.8800
3.890000,872,6789129,-201.6600,-548.3400,-784.1800,-0.9800,-0.4900,-0.4300,34.7400
3.890000,873,6793637,-198.2400,-552.2500,-781.2500,-1.1000,-1.4000,0.1200,35.0300
3.906000,874,6798140,-195.3100,-553.7100,-786.1300,-1.4600,-1.9500,1.2800,34.8800
3.906000,875,6802644,-204.1000,-563.9600,-795.9000,-1.8900,-2.5000,2.0100,34.6400
3.906000,876,6807146,-204.1000,-562.9900,-803.2200,-1.2200,-2.5000,2.7400,34.6400
3.906000,877,6811640,-212.4000,-566.4100,-802.7300,0.0600,-2.3200,2.5600,34.6400
3.922000,878,6816017,-222.1700,-568.8500,-813.4800,1.7100,-1.8300,1.5900,34.7400
3.922000,879,6820386,-215.8200,-565.9200,-812.0100,3.2300,-1.7100,-0.3000,34.6400
3.922000,880,6824903,-212.8900,-563.9600,-807.1300,4.0200,-1.7100,-1.5200,34.6900
3.922000,881,6829412,-208.0100,-570.3100,-801.2700,4.4500,-1.5200,-1.4600,34.5000
3.937000,882,6833914,-207.5200,-562.0100,-798.3400,3.6000,-1.6500,-1.0400,34.7400
3.937000,883,6838413,-200.2000,-559.0800,-793.9500,1.2200,-1.5200,-0.4300,34.8300
3.937000,884,6842918,-201.6600,-563.9600,-800.2900,-0.0600,-1.5900,0.9100,34.6400
3.953000,885,6847431,-208.0100,-563.9600,-801.2700,-1.5900,-1.8300,1.7100,34.6400
3.953000,886,6851933,-212.4000,-568.8500,-804.6900,-2.6800,-2.2000,2.1300,34.7400
3.953000,887,6856436,-209.9600,-577.6400,-810.0600,-3.7200,-1.6500,2.2000,34.6400
3.969000,888,6860940,-215.8200,-583.9800,-815.4300,-3.5400,-1.0400,1.5900,34.5500
3.969000,889,6865440,-213.8700,-582.5200,-824.7100,-2.9300,-0.4300,0.9100,34.7400
3.969000,890,6869943,-216.3100,-575.6800,-824.7100,-1.9500,-0.0600,0.6700,34.6400
3.969000,891,6874460,-215.8200,-564.4500,-821.7800,-0.5500,-0.1800,0.7900,34.6400
3.984000,892,6878975,-215.3300,-558.1100,-817.8700,-0.1200,-0.6100,0.3700,34.5500
3.984000,893,6883478,-216.3100,-561.0400,-817.8700,0.0600,-0.7900,-0.6100,34.5000
3.984000,894,6887990,-211.9100,-568.8500,-812.9900,0.4900,-1.1600,-1.2800,34.4000
4.000000,895,6892493,-207.5200,-569.8200,-804.2000,0.7300,-1.3400,-1.1000,34.7400
4.000000,896,6897004,-203.6100,-563.4800,-791.0200,0.6700,-2.0100,-0.9100,34.7400
4.000000,897,6901505,-198.7300,-560.5500,-792.9700,-0.3000,-2.3800,0.2400,34.6900
4.000000,898,6906015,-208.9800,-557.6200,-791.5000,-0.8500,-2.2600,1.2200,34.6900
4.015000,899,6910592,-211.4300,-561.0400,-795.4100,-1.6500,-1.8900,1.7100,34.9300
4.015000,900,6915099,-217.2900,-561.5200,-806.1500,-1.6500,-2.2000,1.9500,34.6400
4.015000,901,6919595,-217.7700,-560.5500,-795.4100,-0.9100,-1.3400,1.7700,34.6900
4.031000,902,6924101,-219.7300,-562.5000,-799.8000,-0.0600,-1.0400,0.7900,34.8800
4.031000,903,6928607,-209.9600,-570.8000,-803.7100,0.6700,-0.9100,-0.5500,34.6400
4.031000,904,6933120,-213.8700,-571.2900,-803.7100,2.3200,-0.2400,-1.2800,34.8300
4.031000,905,6937625,-206.5400,-565.9200,-801.2700,2.7400,0.0000,-1.5200,34.8800
4.047000,906,6942003,-208.0100,-565.4300,-788.5700,2.9300,-0.3700,-1.4600,34.5500
4.047000,907,6946516,-207.0300,-570.8000,-790.5300,1.8900,-0.9800,-0.7900,34.6900
4.047000,908,6951020,-210.9400,-565.9200,-788.5700,0.7900,-0.9100,-0.0600,34.6400
4.062000,909,6955533,-208.0100,-560.5500,-791.0200,-0.0600,-1.6500,0.5500,34.9300
4.062000,910,6960030,-209.9600,-560.5500,-796.8700,-0.9100,-1.8300,0.9100,34.9300
4.062000,911,6964543,-208.9800,-559.5700,-795.4100,-1.4000,-1.8300,1.1600,34.9300
4.062000,912,6969043,-211.4300,-562.5000,-796.8700,-2.0100,-1.6500,1.0400,34.9300
4.078000,913,6973542,-208.9800,-563.9600,-791.5000,-3.0500,-1.6500,0.7300,34.6400
4.078000,914,6978043,-210.9400,-565.4300,-795.9000,-3.7200,-1.0400,1.2200,34.7400
4.078000,915,6982542,-203.6100,-565.9200,-796.8700,-4.3900,-0.4900,1.7700,34.6400
4.094000,916,6987048,-207.0300,-572.2700,-806.6400,-4.8800,-0.1800,1.5200,34.7400
4.094000,917,6991550,-214.3600,-567.8700,-810.0600,-4.5100,-0.2400,1.7700,34.9300
4.094000,918,6996054,-216.3100,-559.0800,-806.1500,-3.7200,-0.0600,2.1300,34.7400
4.094000,919,7000562,-215.8200,-562.0100,-802.2500,-3.1100,-0.4300,1.8300,34.5500
4.109000,920,7005072,-220.7000,-561.0400,-803.2200,-2.1300,-0.6700,1.5200,34.6400
4.109000,921,7009576,-219.7300,-558.5900,-802.7300,-1.4000,-0.7900,0.9100,34.6900
4.109000,922,7014087,-218.7500,-560.0600,-803.7100,-1.1600,-1.1600,0.7900,34.9300
4.125000,923,7018592,-219.2400,-561.0400,-806.1500,-0.7300,-1.4000,0.7900,34.9300
4.125000,924,7023102,-217.2900,-560.5500,-806.1500,-0.2400,-1.4000,0.6100,34.5500
4.125000,925,7027603,-214.8400,-560.0600,-807.6200,0.3000,-1.2200,0.4900,34.8800
4.125000,926,7031980,-212.8900,-565.9200,-806.1500,0.1200,-1.1600,0.9100,34.9300
4.140000,927,7036350,-212.8900,-570.3100,-813.4800,0.4900,-0.9800,0.7900,34.7400
4.140000,928,7040719,-211.4300,-582.5200,-816.4100,0.6700,-0.2400,0.6100,34.6900
4.140000,929,7045090,-211.4300,-580.5700,-824.2200,1.2200,0.6100,-0.0600,34.7400
4.156000,930,7049465,-212.8900,-575.6800,-814.4500,2.0100,0.5500,-0.2400,34.7400
4.156000,931,7053842,-211.4300,-565.4300,-808.5900,2.2000,0.5500,0.3000,34.5000
4.156000,932,7058215,-219.2400,-567.3800,-803.2200,2.1300,0.3700,-0.1200,34.4000
4.156000,933,7062582,-212.8900,-573.7300,-801.7600,1.7100,0.1800,-0.7900,34.9300
4.172000,934,7066961,-214.3600,-570.3100,-796.3900,1.7100,0.2400,-1.2200,34.6400
4.172000,935,7071338,-207.5200,-563.9600,-787.1100,1.4600,-0.1200,-1.4000,34.8800
4.172000,936,7075849,-200.2000,-562.9900,-779.3000,0.4300,-0.7900,-1.1000,34.7400
4.187000,937,7080354,-205.0800,-568.8500,-785.1600,-0.9100,-1.1000,-0.7900,34.7400
4.187000,938,7084860,-206.0500,-574.2200,-790.5300,-2.0700,-0.6100,-0.6700,34.6400
4.187000,939,7089374,-210.4500,-572.7500,-792.4800,-2.8700,-0.4900,-0.3700,34.6900
4.187000,940,7093885,-210.4500,-565.4300,-795.9000,-2.8700,-0.3700,-0.1800,34.8800
4.203000,941,7098399,-209.9600,-563.4800,-795.4100,-2.8000,0.1800,0.3000,34.7400
4.203000,942,7102772,-213.3800,-566.8900,-798.8300,-2.7400,0.3700,-0.3000,34.9300
4.203000,943,7107285,-208.9800,-566.8900,-804.6900,-2.3200,0.4900,-0.3700,34.8800
4.219000,944,7111791,-214.3600,-566.4100,-794.9200,-1.5900,0.6100,-0.7900,34.6900
4.219000,945,7116298,-214.8400,-565.9200,-799.3200,-0.8500,0.5500,-1.0400,34.7400
4.219000,946,7120803,-213.8700,-560.0600,-795.9000,-0.6100,0.3000,-1.4600,34.6400
4.219000,947,7125312,-208.5000,-560.5500,-798.8300,-0.9800,0.0600,-1.3400,34.6900
4.234000,948,7129818,-208.0100,-563.4800,-799.3200,-1.4000,0.0600,-1.1600,34.7400
4.234000,949,7134325,-205.0800,-571.2900,-808.5900,-1.4000,0.3700,-0.9100,34.9300
4.234000,950,7138828,-207.0300,-576.6600,-803.2200,-0.9100,0.4300,-0.8500,34.8800
4.250000,951,7143343,-207.5200,-570.8000,-806.6400,-0.1200,0.2400,-0.7900,34.6900
4.250000,952,7147848,-208.0100,-562.0100,-798.3400,-0.4300,0.0600,-0.4300,34.8800
4.250000,953,7152359,-208.5000,-560.5500,-799.8000,-0.9100,0.1200,-0.0600,35.0300
4.250000,954,7156863,-210.4500,-557.6200,-803.2200,-0.9800,-0.0600,0.1200,34.4000
4.265000,955,7161380,-207.0300,-562.0100,-806.1500,-1.5200,0.0000,-0.1200,34.9300
4.265000,956,7165889,-210.9400,-566.4100,-805.1800,-1.8900,-0.6100,-0.0600,34.8800
4.265000,957,7170419,-208.5000,-561.5200,-805.6600,-1.8300,-0.6100,0.0000,34.8300
4.281000,958,7174929,-210.4500,-565.9200,-803.2200,-1.8900,-0.4300,0.3700,34.9300
4.281000,959,7179450,-209.4700,-566.8900,-808.1100,-2.3800,-0.4900,0.0000,34.7400
4.281000,960,7183963,-209.4700,-570.3100,-809.5700,-2.6800,-0.3000,0.3000,34.6900
4.297000,961,7188477,-208.5000,-568.8500,-815.9200,-2.2000,-0.3700,0.7300,34.6400
4.297000,962,7192983,-208.5000,-564.4500,-820.3100,-1.8300,0.0000,1.0400,35.0300
4.297000,963,7197373,-213.8700,-562.9900,-820.3100,-0.7900,-0.4900,1.3400,34.7400
4.297000,964,7201882,-220.7000,-560.5500,-823.2400,-0.3700,-0.5500,1.4000,35.0300
4.312000,965,7206381,-219.7300,-566.4100,-822.2700,0.3700,-0.6700,0.3700,34.6400
4.312000,966,7210750,-210.4500,-571.7800,-818.8500,0.8500,-0.9100,-0.3700,34.5500
4.312000,967,7215259,-209.4700,-565.4300,-815.4300,1.4000,-0.9800,-0.7900,34.8800
4.328000,968,7219770,-212.4000,-565.4300,-818.8500,1.3400,-0.9800,-0.3700,34.5000
4.328000,969,7224272,-208.9800,-577.6400,-817.8700,0.8500,-0.9800,-0.3700,34.5000
4.328000,970,7228780,-213.3800,-573.7300,-814.9400,0.6100,-1.0400,-0.6700,34.8300
4.328000,971,7233286,-210.9400,-570.3100,-813.4800,-0.0600,-1.0400,0.0000,34.7400
4.344000,972,7237800,-211.4300,-563.4800,-806.1500,-0.5500,-1.4000,0.6100,34.7400
4.344000,973,7242312,-212.4000,-560.0600,-802.2500,-1.5900,-1.5200,0.9800,34.6400
4.344000,974,7246818,-208.0100,-565.4300,-802.2500,-2.0700,-0.9800,0.8500,34.3600
4.359000,975,7251326,-211.9100,-568.3600,-796.8700,-2.5000,-0.7300,0.4900,34.5500
4.359000,976,7255836,-209.4700,-565.4300,-796.3900,-2.2000,-0.1800,0.0600,34.7400
4.359000,977,7260347,-208.9800,-563.4800,-789.0600,-1.8900,0.0000,-0.0600,35.0300
4.359000,978,7264858,-213.8700,-566.4100,-787.1100,-1.7100,0.3000,0.3000,34.8300
4.375000,979,7269238,-213.8700,-566.4100,-787.1100,-1.4600,0.6700,0.3000,34.6400
4.375000,980,7273609,-216.3100,-567.8700,-791.5000,-1.4000,0.4300,0.0600,34.6900
4.375000,981,7277982,-217.7700,-564.4500,-792.9700,-0.9800,0.2400,-0.5500,34.6400
4.375000,982,7282493,-216.8000,-554.2000,-787.6000,-0.7900,-0.3700,-1.6500,34.8800
4.390000,983,7287002,-208.9800,-552.2500,-786.6200,-0.6700,-0.6100,-1.3400,34.6400
4.390000,984,7291516,-205.0800,-555.6600,-791.0200,-0.9100,-0.4300,-0.9100,34.6400
4.390000,985,7296022,-213.8700,-562.0100,-791.5000,-1.4000,-0.4900,-0.5500,34.7400
4.406000,986,7300532,-212.4000,-554.2000,-795.9000,-1.7700,-0.5500,0.1200,34.9300
4.406000,987,7305038,-213.3800,-546.3900,-798.3400,-1.5900,0.0600,0.6700,34.8800
4.406000,988,7309414,-210.4500,-550.2900,-803.2200,-2.3800,-0.1200,0.7900,34.6900
4.422000,989,7313921,-212.8900,-558.1100,-807.6200,-3.1100,0.1200,0.9100,34.5500
4.422000,990,7318299,-211.4300,-566.8900,-812.5000,-2.8000,0.2400,0.5500,34.5000
4.422000,991,7322666,-208.0100,-572.7500,-815.4300,-1.8900,0.6100,0.3000,34.8300
4.422000,992,7327037,-210.9400,-570.3100,-812.0100,-0.8500,0.1800,-0.2400,35.0700
4.437000,993,7331538,-211.9100,-560.5500,-804.2000,0.0600,0.1200,-0.4900,34.5500
4.437000,994,7335921,-214.3600,-549.8000,-803.7100,0.1800,-0.1200,-0.4900,34.9300
4.437000,995,7340434,-211.4300,-557.6200,-803.7100,0.0600,-0.7300,-0.5500,34.8800
4.453000,996,7344952,-208.9800,-559.5700,-811.5200,-0.4300,-1.0400,0.1200,34.8800
4.453000,997,7349460,-212.8900,-566.8900,-813.9600,0.0000,-1.2800,0.0000,34.6900
4.453000,998,7353834,-213.3800,-563.4800,-811.5200,0.2400,-1.4000,0.0000,34.9300
4.453000,999,7358220,-202.1500,-562.9900,-810.0600,0.7900,-1.4600,0.3700,34.6900
4.469000,1000,7362584,-208.9800,-567.3800,-808.5900,0.9100,-1.4600,0.6100,34.7400
4.469000,1001,7367096,-208.5000,-571.7800,-811.5200,0.6700,-0.9800,0.7900,34.8800
4.469000,1002,7371598,-210.4500,-574.7100,-812.0100,0.4300,-0.6100,0.6100,34.9300
4.484000,1003,7376106,-208.0100,-572.7500,-812.5000,0.9100,0.0600,0.0600,34.6400
4.484000,1004,7380478,-206.0500,-579.5900,-811.0400,1.2200,0.0600,-0.6700,34.7400
4.484000,1005,7384989,-203.1200,-574.7100,-808.1100,1.7700,0.0600,-1.1600,34.8800
4.484000,1006,7389495,-196.7800,-571.2900,-806.1500,2.2600,-0.4300,-1.1600,34.5000
4.500000,1007,7394009,-199.2200,-565.9200,-798.3400,2.3800,-0.4300,-0.2400,34.5500
4.500000,1008,7398517,-206.5400,-567.8700,-801.2700,2.0100,-0.6700,0.1800,34.6400
4.500000,1009,7403031,-206.5400,-563.9600,-796.3900,0.9100,-1.2200,0.1800,34.8800
4.515000,1010,7407533,-206.5400,-567.8700,-792.9700,0.4300,-1.3400,-0.1200,34.6900
4.515000,1011,7412041,-207.0300,-572.2700,-790.5300,0.0600,-1.4600,-0.3700,34.6900
4.515000,1012,7416549,-198.7300,-567.8700,-790.5300,-1.1600,-1.5900,-0.5500,34.6400
4.515000,1013,7421060,-203.6100,-571.2900,-789.5500,-2.1300,-1.6500,-0.1800,34.7400
4.531000,1014,7425571,-204.1000,-571.7800,-794.4300,-2.9900,-1.2200,0.4900,34.6400
4.531000,1015,7430085,-205.5700,-568.3600,-798.8300,-4.2100,-0.9100,1.0400,34.5000
4.531000,1016,7434591,-208.0100,-565.9200,-797.8500,-5.0000,-0.5500,1.6500,34.9300
4.547000,1017,7439106,-207.0300,-562.0100,-803.2200,-5.0000,-0.1800,1.7700,34.7400
4.547000,1018,7443614,-208.0100,-563.9600,-809.5700,-4.8200,0.1200,1.8900,34.6400
4.547000,1019,7448130,-208.0100,-566.4100,-807.6200,-3.7200,-0.1800,1.8300,34.6900
4.547000,1020,7452634,-208.5000,-572.2700,-805.6600,-3.1700,-0.1200,1.1600,35.0300
4.562000,1021,7457148,-213.8700,-573.2400,-810.5500,-1.8900,0.0000,-0.1800,34.6400
4.562000,1022,7461656,-210.4500,-569.8200,-814.4500,-0.7900,-0.2400,-0.8500,34.8800
4.562000,1023,7466181,-209.4700,-562.5000,-806.6400,0.0000,-0.7300,-0.7300,34.6400
4.578000,1024,7470690,-206.0500,-556.1500,-805.6600,0.3000,-0.7300,0.0000,34.6400
4.578000,1025,7475210,-204.1000,-562.5000,-805.6600,0.5500,-0.9100,0.1800,34.6400
4.578000,1026,7479709,-205.5700,-573.2400,-808.5900,1.0400,-1.1600,-0.2400,34.8800
4.578000,1027,7484226,-208.5000,-567.8700,-807.6200,1.9500,-1.1600,-0.8500,34.6900
4.594000,1028,7488731,-203.1200,-558.1100,-806.1500,2.7400,-1.4600,-0.7300,34.6400
4.594000,1029,7493250,-204.5900,-556.1500,-804.2000,2.6800,-1.7100,-0.2400,34.7400
4.594000,1030,7497755,-207.0300,-565.4300,-805.1800,2.0100,-1.4000,0.1800,34.6400
4.609000,1031,7502265,-208.5000,-570.3100,-805.6600,1.5200,-0.9100,-0.2400,34.7400
4.609000,1032,7506778,-214.3600,-576.1700,-802.7300,1.2200,-1.2800,-0.9800,34.7400
4.609000,1033,7511292,-210.9400,-576.6600,-803.2200,1.3400,-0.9100,-1.1600,34.5500
4.609000,1034,7515803,-203.1200,-565.9200,-790.5300,0.7300,-1.2200,-0.7900,34.6400
4.625000,1035,7520322,-200.2000,-558.1100,-788.5700,-0.0600,-1.5200,0.0600,34.8800
4.625000,1036,7524835,-203.1200,-559.0800,-788.0900,-1.5900,-1.8300,0.6700,34.6400
4.625000,1037,7529360,-213.8700,-561.0400,-798.3400,-2.5600,-1.4000,1.2200,34.6400
4.640000,1038,7533871,-216.3100,-565.4300,-804.2000,-2.9900,-1.4000,1.2200,34.5500
4.640000,1039,7538376,-210.4500,-573.2400,-810.0600,-2.7400,-1.5200,0.8500,34.9300
4.640000,1040,7542885,-209.9600,-569.8200,-817.3800,-1.8300,-0.7300,-0.0600,34.8800
4.640000,1041,7547401,-205.0800,-572.2700,-812.0100,-0.9800,-0.6700,-0.7900,34.7400
4.656000,1042,7551919,-207.0300,-570.8000,-809.0800,0.1200,-0.1800,-0.1200,34.6400
4.656000,1043,7556436,-212.4000,-563.4800,-796.3900,0.8500,0.0000,0.6100,34.5500
4.656000,1044,7560822,-214.8400,-556.6400,-801.2700,1.1000,-0.4300,0.5500,34.8800
4.672000,1045,7565334,-214.8400,-561.5200,-801.7600,0.9100,-1.1600,0.3700,34.5500
4.672000,1046,7569842,-215.8200,-555.6600,-804.2000,0.7900,-1.4000,0.2400,34.8800
4.672000,1047,7574355,-214.3600,-565.9200,-797.3600,1.1000,-1.6500,0.3000,34.8800
4.672000,1048,7578861,-206.5400,-560.0600,-795.9000,0.7900,-2.2000,0.0000,34.7400
4.687000,1049,7583373,-208.9800,-560.0600,-798.3400,0.0000,-2.2600,0.2400,34.8800
4.687000,1050,7587885,-200.6800,-564.9400,-804.2000,-0.8500,-2.1300,0.2400,34.5500
4.687000,1051,7592395,-202.6400,-572.7500,-813.9600,-1.8300,-1.4000,0.4900,34.5500
4.703000,1052,7596903,-201.6600,-576.6600,-820.3100,-2.1300,-0.1200,0.8500,34.6900
4.703000,1053,7601423,-205.5700,-575.2000,-819.8200,-1.6500,-0.4900,1.2800,34.6400
4.703000,1054,7605933,-209.4700,-568.8500,-804.2000,-1.1000,-1.0400,1.4600,34.5000
4.719000,1055,7610446,-210.4500,-562.9900,-797.3600,-0.8500,-1.4600,1.3400,34.6900
4.719000,1056,7614965,-212.8900,-560.5500,-796.8700,-0.7300,-1.4000,0.3700,34.7400
4.719000,1057,7619476,-215.3300,-559.0800,-795.9000,-0.4300,-1.5900,-0.6700,34.8800
4.719000,1058,7623995,-211.4300,-560.5500,-793.9500,-0.1800,-1.8300,-0.6100,34.7400
4.734000,1059,7628502,-209.9600,-558.5900,-797.3600,0.5500,-1.8900,-0.2400,34.8300
4.734000,1060,7633016,-208.0100,-562.5000,-803.2200,0.6100,-1.7700,-0.1200,34.6400
4.734000,1061,7637522,-214.8400,-566.8900,-807.6200,0.4300,-1.8300,0.1200,34.8800
4.734000,1062,7642033,-217.7700,-572.7500,-815.4300,0.1800,-1.5200,0.1800,34.6400
4.750000,1063,7646543,-214.8400,-577.6400,-814.9400,0.5500,-1.3400,0.4300,34.6400
4.750000,1064,7651049,-218.2600,-571.2900,-815.4300,0.4300,-1.2200,0.3000,34.7400
4.750000,1065,7655550,-208.5000,-569.8200,-811.5200,0.4300,-1.1600,0.0600,34.6400
4.765000,1066,7660060,-215.3300,-572.7500,-808.5900,0.6700,-1.1000,-0.1200,34.6400
4.765000,1067,7664572,-218.7500,-565.9200,-807.1300,0.5500,-0.6700,-0.0600,34.6400
4.765000,1068,7669089,-211.4300,-569.3400,-803.7100,-0.1200,-1.2200,0.0600,34.6400
4.781000,1069,7673596,-209.4700,-568.3600,-807.6200,-0.6700,-0.5500,0.3000,34.8800
4.781000,1070,7678115,-211.9100,-563.4800,-809.0800,-1.2800,-0.1800,0.4300,34.6900
4.781000,1071,7682620,-210.9400,-564.9400,-806.6400,-1.8300,-0.3000,0.4300,34.5000
4.781000,1072,7687134,-202.6400,-569.3400,-812.0100,-1.9500,-0.1200,0.2400,34.3100
4.797000,1073,7691638,-208.0100,-575.6800,-811.5200,-1.7700,0.2400,0.0600,35.0300
4.797000,1074,7696150,-204.1000,-572.7500,-796.8700,-1.4600,-0.3000,-0.1200,34.9300
4.797000,1075,7700665,-202.1500,-562.5000,-784.1800,-1.8900,-1.3400,0.8500,34.6900
4.812000,1076,7705178,-206.5400,-557.1300,-775.3900,-1.7700,-1.6500,1.7100,34.6900
4.812000,1077,7709683,-211.4300,-554.2000,-778.3200,-2.2000,-1.4600,1.8900,34.6400
4.812000,1078,7714197,-214.8400,-558.5900,-781.7400,-2.2000,-1.4000,1.8300,34.6900
4.812000,1079,7718701,-216.8000,-562.9900,-793.9500,-1.2800,-1.0400,1.2200,35.0700
4.828000,1080,7723204,-209.9600,-558.5900,-796.3900,0.1800,-0.6700,0.3700,35.0300
4.828000,1081,7727705,-208.9800,-566.4100,-794.9200,1.8900,-0.4900,-0.3700,34.5500
4.828000,1082,7732215,-205.5700,-573.7300,-804.6900,2.9300,-0.3700,-0.7300,34.5500
4.844000,1083,7736725,-205.0800,-570.3100,-798.8300,3.9600,-0.4300,-0.8500,34.6900
4.844000,1084,7741235,-213.8700,-572.2700,-793.9500,4.0200,-0.3000,-1.0400,34.5500
4.844000,1085,7745747,-212.4000,-570.3100,-796.8700,3.9600,-1.0400,-0.7300,34.4000
4.844000,1086,7750256,-211.9100,-564.9400,-793.4600,3.8400,-1.2200,-0.3700,34.8800
4.859000,1087,7754777,-211.9100,-562.5000,-792.4800,3.1100,-1.6500,-0.4900,34.6400
4.859000,1088,7759286,-213.3800,-564.9400,-793.9500,2.1300,-1.5900,-0.1800,34.4000
4.859000,1089,7763801,-212.4000,-568.3600,-794.4300,0.7300,-1.4600,-0.3000,34.8300
4.875000,1090,7768310,-211.4300,-572.2700,-797.8500,-0.4300,-0.9800,-0.1800,34.8800
4.875000,1091,7772825,-209.9600,-574.7100,-807.1300,-1.6500,-0.3700,-0.6100,35.0300
4.875000,1092,7777331,-205.0800,-573.2400,-811.5200,-2.6800,0.0600,-0.5500,34.6900
4.890000,1093,7781851,-213.8700,-579.5900,-816.4100,-3.1100,0.4300,0.1800,34.5000
4.890000,1094,7786362,-211.9100,-569.3400,-814.9400,-3.2300,0.1200,1.1000,34.7400
4.890000,1095,7790869,-215.3300,-567.3800,-816.8900,-3.4100,-0.0600,1.4000,34.9300
4.890000,1096,7795391,-216.8000,-564.9400,-815.4300,-3.2900,0.1200,1.1600,34.7400
4.906000,1097,7799899,-216.3100,-563.4800,-811.0400,-2.6200,0.0000,0.5500,34.7400
4.906000,1098,7804422,-210.4500,-565.9200,-814.4500,-1.6500,-0.0600,-0.2400,34.8800
4.906000,1099,7808951,-208.0100,-568.8500,-811.5200,-0.7900,-0.4300,-0.6700,34.8800
4.922000,1100,7813468,-207.0300,-571.2900,-809.5700,0.3700,-0.3700,-0.5500,34.6900
4.922000,1101,7817981,-200.2000,-571.7800,-810.0600,1.1000,-0.1800,0.4900,34.6900
4.922000,1102,7822490,-207.5200,-572.7500,-813.4800,1.3400,-0.1800,0.9800,34.7400
4.922000,1103,7826996,-212.8900,-576.1700,-812.5000,1.7700,-0.1800,1.1000,34.5000
4.937000,1104,7831503,-213.8700,-573.7300,-813.4800,2.6800,-0.4900,0.8500,34.8800
4.937000,1105,7836010,-211.9100,-573.7300,-816.8900,3.4800,-0.4900,-0.1200,34.9300
4.937000,1106,7840520,-207.0300,-576.6600,-815.4300,4.0200,-0.8500,-1.2200,34.7400
4.953000,1107,7845028,-209.9600,-579.5900,-805.6600,4.7000,-1.2200,-1.3400,34.8800
4.953000,1108,7849541,-207.0300,-579.5900,-803.7100,4.0900,-0.9100,-1.6500,34.6400
4.953000,1109,7854053,-201.1700,-569.3400,-793.9500,2.6800,-0.9800,-0.9800,34.5000
4.953000,1110,7858561,-203.6100,-575.6800,-790.5300,0.6700,-1.2200,-0.8500,34.7400
4.969000,1111,7863067,-200.2000,-568.8500,-788.0900,-1.4600,-1.3400,-0.2400,34.6400
4.969000,1112,7867577,-198.2400,-573.7300,-790.0400,-3.3500,-1.3400,0.2400,34.9300
4.969000,1113,7872090,-198.2400,-579.1000,-788.5700,-4.7600,-1.1000,0.6100,34.7400
4.984000,1114,7876601,-202.1500,-577.1500,-790.0400,-5.6700,-1.0400,1.1000,34.6900
4.984000,1115,7881111,-201.1700,-564.9400,-787.6000,-5.8500,-0.9100,1.5200,34.7400
4.984000,1116,7885619,-207.5200,-558.5900,-797.3600,-6.4600,-0.3000,2.0100,34.5500
4.984000,1117,7890134,-210.9400,-560.0600,-799.8000,-6.2800,0.0600,2.0100,34.8800
5.000000,1118,7894652,-212.8900,-562.5000,-806.1500,-5.1200,0.2400,1.7100,34.6400
